Date,Open,High,Low,Close,Volume
20130102,61.48514938354492,62.67326736450195,60.891090393066406,62.47524642944336,2281590.0
20130103,63.16831588745117,63.46534729003906,62.47524642944336,62.47524642944336,2190690.0
20130104,62.47524642944336,63.861385345458984,61.98019790649414,63.56435775756836,2962330.0
20130107,63.16831588745117,63.26732635498047,61.386138916015625,61.386138916015625,2803760.0
20130108,60.69306945800781,61.78217697143555,60.0990104675293,60.594058990478516,1954350.0
20130109,60.19801712036133,60.9901008605957,60.0,60.19801712036133,2002830.0
20130110,60.9901008605957,61.18811798095703,59.9009895324707,60.19801712036133,3352190.0
20130111,60.594058990478516,60.891090393066406,59.9009895324707,60.0,1507930.0
20130114,59.9009895324707,60.594058990478516,59.60395812988281,60.594058990478516,1788710.0
20130115,60.49504852294922,60.79207992553711,59.70296859741211,59.9009895324707,2150290.0
20130116,60.19801712036133,60.69306945800781,59.70296859741211,60.19801712036133,2089690.0
20130117,60.891090393066406,61.881187438964844,59.60395812988281,59.70296859741211,5529750.0
20130118,60.39603805541992,61.58415985107422,60.39603805541992,61.28712844848633,2973440.0
20130121,61.18811798095703,61.78217697143555,60.891090393066406,61.18811798095703,2032120.0
20130122,61.18811798095703,61.18811798095703,60.0990104675293,60.891090393066406,1594790.0
20130123,60.9901008605957,61.68316650390625,60.79207992553711,60.79207992553711,1340270.0
20130124,60.39603805541992,61.18811798095703,60.0,60.0,1706900.0
20130125,60.0,60.49504852294922,59.801979064941406,60.49504852294922,1816990.0
20130128,60.297027587890625,61.68316650390625,60.297027587890625,61.089107513427734,2658320.0
20130129,61.881187438964844,62.77227783203125,61.58415985107422,62.47524642944336,4607620.0
20130130,63.16831588745117,65.44554138183594,62.67326736450195,64.15841674804688,11653380.0
20130131,64.6534652709961,65.84158325195312,64.35643768310547,65.5445556640625,8302200.0
20130201,66.03960418701172,67.02970123291016,65.7425765991211,66.03960418701172,10025260.0
20130204,67.12871551513672,67.72277069091797,66.13861083984375,66.93069458007812,9501070.0
20130205,66.83168029785156,67.72277069091797,66.4356460571289,67.42574310302734,5575200.0
20130206,68.11881256103516,68.910888671875,67.42574310302734,68.21781921386719,6511470.0
20130218,69.00990295410156,71.58415985107422,68.81188201904297,71.58415985107422,10344420.0
20130219,71.38613891601562,71.78218078613281,70.8910903930664,71.78218078613281,5705490.0
20130220,72.27722930908203,73.5643539428711,70.59406280517578,71.089111328125,6109490.0
20130221,70.29702758789062,71.28712463378906,70.09900665283203,70.09900665283203,3805680.0
20130222,70.09900665283203,70.39604187011719,69.1089096069336,69.70297241210938,4488440.0
20130225,69.8019790649414,72.07920837402344,69.70297241210938,71.089111328125,4309670.0
20130226,70.29702758789062,71.68316650390625,69.60395812988281,69.8019790649414,5526720.0
20130227,70.09900665283203,70.79207611083984,69.70297241210938,69.90099334716797,3669330.0
20130301,70.99009704589844,74.15841674804688,70.99009704589844,73.86138916015625,10167670.0
20130304,74.2574234008789,74.85148620605469,73.26732635498047,73.96039581298828,8117370.0
20130305,73.96039581298828,73.96039581298828,71.88118743896484,72.47525024414062,4619740.0
20130306,73.16831970214844,73.26732635498047,71.38613891601562,72.47525024414062,4980310.0
20130307,72.57425689697266,74.85148620605469,72.47525024414062,73.3663330078125,5957990.0
20130308,74.2574234008789,74.35643768310547,72.87128448486328,72.87128448486328,5225740.0
20130311,73.46534729003906,74.35643768310547,72.87128448486328,73.76237487792969,4287450.0
20130312,73.46534729003906,74.05940246582031,71.58415985107422,71.9802017211914,4146050.0
20130313,71.9802017211914,72.47525024414062,69.30693054199219,69.60395812988281,7286140.0
20130314,68.81188201904297,68.81188201904297,66.53465270996094,66.63365936279297,9263720.0
20130315,66.73267364501953,67.52474975585938,66.13861083984375,66.93069458007812,6646810.0
20130318,66.93069458007812,67.22772216796875,66.13861083984375,66.23762512207031,2861330.0
20130319,66.73267364501953,67.42574310302734,66.4356460571289,67.42574310302734,2539140.0
20130320,67.42574310302734,67.42574310302734,66.93069458007812,67.12871551513672,1785680.0
20130321,67.42574310302734,68.0197982788086,67.22772216796875,67.32672882080078,2402790.0
20130322,67.52474975585938,68.51485443115234,67.52474975585938,67.82178497314453,2242200.0
20130325,68.31683349609375,68.31683349609375,67.52474975585938,67.62376403808594,1363500.0
20130326,68.61386108398438,68.61386108398438,67.62376403808594,67.62376403808594,1814970.0
20130327,68.21781921386719,68.51485443115234,67.92079162597656,68.21781921386719,1194830.0
20130328,68.11881256103516,68.51485443115234,67.62376403808594,67.62376403808594,1265530.0
20130329,68.31683349609375,68.81188201904297,67.82178497314453,68.81188201904297,1113020.0
20130401,68.81188201904297,68.910888671875,68.0197982788086,68.31683349609375,874660.0
20130402,68.11881256103516,68.61386108398438,67.92079162597656,68.11881256103516,830220.0
20130403,68.81188201904297,69.1089096069336,68.51485443115234,68.910888671875,1300880.0
20130408,68.31683349609375,68.81188201904297,67.52474975585938,67.72277069091797,2985560.0
20130409,67.72277069091797,68.51485443115234,66.23762512207031,66.4356460571289,3580450.0
20130410,66.53465270996094,67.82178497314453,66.53465270996094,67.32672882080078,1707910.0
20130411,68.7128677368164,71.68316650390625,68.7128677368164,71.089111328125,5446930.0
20130412,71.28712463378906,71.28712463378906,69.90099334716797,70.29702758789062,3446120.0
20130415,70.09900665283203,71.18811798095703,69.60395812988281,70.99009704589844,2411880.0
20130416,69.8019790649414,71.78218078613281,69.8019790649414,71.089111328125,2775480.0
20130417,71.28712463378906,72.77227783203125,71.18811798095703,72.47525024414062,3577420.0
20130418,72.77227783203125,72.77227783203125,71.78218078613281,71.9802017211914,2235130.0
20130419,72.57425689697266,74.15841674804688,72.57425689697266,73.96039581298828,5178270.0
20130422,74.2574234008789,77.72277069091797,74.2574234008789,76.23762512207031,8571870.0
20130423,76.73267364501953,77.72277069091797,75.5445556640625,76.4356460571289,6373100.0
20130424,76.83168029785156,77.02970123291016,75.64356231689453,76.73267364501953,3230990.0
20130425,77.12871551513672,77.22772216796875,76.33663177490234,77.12871551513672,3464300.0
20130426,77.12871551513672,79.70297241210938,77.12871551513672,77.52474975585938,6087270.0
20130429,77.22772216796875,80.1980209350586,76.93069458007812,80.0,6882140.0
20130430,84.15841674804688,85.5445556640625,83.16831970214844,84.15841674804688,16522590.0
20130502,84.15841674804688,87.92079162597656,84.15841674804688,87.92079162597656,10162620.0
20130503,89.1089096069336,89.30693054199219,86.03960418701172,86.63365936279297,5342900.0
20130506,87.12871551513672,87.52474975585938,86.03960418701172,86.93069458007812,5507530.0
20130507,87.12871551513672,87.22772216796875,85.14851379394531,87.02970123291016,4871230.0
20130508,87.62376403808594,90.0,87.52474975585938,89.00990295410156,10652470.0
20130509,89.60395812988281,89.60395812988281,87.02970123291016,87.12871551513672,5005560.0
20130510,87.12871551513672,87.32672882080078,85.94059753417969,86.4356460571289,3118880.0
20130513,86.63365936279297,87.22772216796875,85.64356231689453,87.22772216796875,2730030.0
20130514,87.62376403808594,87.72277069091797,85.7425765991211,85.94059753417969,3610750.0
20130515,85.7425765991211,86.63365936279297,83.16831970214844,84.85148620605469,4968190.0
20130516,85.64356231689453,86.83168029785156,84.2574234008789,86.13861083984375,4144030.0
20130517,85.24752044677734,87.92079162597656,85.24752044677734,86.33663177490234,3573380.0
20130520,86.53465270996094,86.53465270996094,85.44554138183594,85.84158325195312,1962430.0
20130521,86.83168029785156,89.00990295410156,86.13861083984375,86.93069458007812,5761040.0
20130522,87.42574310302734,88.31683349609375,86.63365936279297,86.73267364501953,2306840.0
20130523,86.33663177490234,86.4356460571289,84.2574234008789,84.2574234008789,4385420.0
20130524,84.15841674804688,84.15841674804688,78.7128677368164,79.60395812988281,10521170.0
20130527,78.41584014892578,79.00990295410156,76.73267364501953,78.21781921386719,7624490.0
20130528,78.61386108398438,80.1980209350586,78.21781921386719,80.1980209350586,4977280.0
20130529,80.1980209350586,80.1980209350586,78.11881256103516,79.1089096069336,5182310.0
20130530,78.11881256103516,78.7128677368164,76.73267364501953,77.12871551513672,5640850.0
20130531,77.92079162597656,77.92079162597656,75.3465347290039,75.3465347290039,7944660.0
20130603,75.3465347290039,75.84158325195312,74.75247192382812,75.14851379394531,5322700.0
20130604,75.14851379394531,75.84158325195312,73.26732635498047,73.26732635498047,5579240.0
20130605,73.26732635498047,74.05940246582031,70.39604187011719,71.18811798095703,9554600.0
20130606,71.18811798095703,71.78218078613281,69.00990295410156,69.1089096069336,10053540.0
20130607,69.30693054199219,70.59406280517578,68.81188201904297,70.49504852294922,6994250.0
20130610,71.48514556884766,71.68316650390625,70.09900665283203,70.99009704589844,3932940.0
20130611,70.99009704589844,71.48514556884766,69.40593719482422,70.29702758789062,4493490.0
20130613,69.60395812988281,71.18811798095703,69.60395812988281,69.8019790649414,4626810.0
20130614,70.79207611083984,71.48514556884766,70.29702758789062,70.79207611083984,5263110.0
20130617,70.8910903930664,71.9802017211914,70.09900665283203,70.49504852294922,4212710.0
20130618,70.79207611083984,71.18811798095703,69.8019790649414,70.79207611083984,2533080.0
20130619,71.18811798095703,71.48514556884766,69.70297241210938,70.0,2946170.0
20130620,69.30693054199219,69.8019790649414,68.910888671875,69.00990295410156,3309770.0
20130621,68.0197982788086,68.0197982788086,66.83168029785156,67.62376403808594,4633880.0
20130624,67.62376403808594,68.61386108398438,67.32672882080078,67.32672882080078,2247250.0
20130625,67.52474975585938,67.82178497314453,64.75247192382812,64.95049285888672,4484400.0
20130626,66.53465270996094,67.42574310302734,65.84158325195312,66.83168029785156,5629740.0
20130627,68.11881256103516,68.7128677368164,67.62376403808594,67.82178497314453,4899510.0
20130628,68.51485443115234,70.29702758789062,67.82178497314453,70.29702758789062,5585300.0
20130701,70.09900665283203,70.99009704589844,69.40593719482422,70.09900665283203,3147160.0
20130702,70.49504852294922,70.79207611083984,68.11881256103516,68.41584014892578,3139080.0
20130703,68.81188201904297,69.8019790649414,68.81188201904297,69.60395812988281,3996570.0
20130704,70.29702758789062,70.59406280517578,68.21781921386719,68.21781921386719,3132010.0
20130705,69.20791625976562,69.20791625976562,67.82178497314453,68.910888671875,2892640.0
20130708,68.910888671875,70.29702758789062,68.910888671875,69.70297241210938,3045150.0
20130709,70.1980209350586,71.48514556884766,68.81188201904297,71.28712463378906,4049090.0
20130710,71.68316650390625,72.17821502685547,70.49504852294922,71.48514556884766,5996370.0
20130711,71.9802017211914,72.37623596191406,71.28712463378906,71.38613891601562,4525810.0
20130712,71.78218078613281,72.07920837402344,71.38613891601562,71.78218078613281,2631050.0
20130715,71.78218078613281,72.87128448486328,71.38613891601562,72.67326354980469,3063330.0
20130716,72.77227783203125,74.15841674804688,72.67326354980469,72.97029876708984,4671250.0
20130717,73.3663330078125,73.76237487792969,72.17821502685547,73.26732635498047,3750130.0
20130718,73.26732635498047,73.86138916015625,71.28712463378906,71.48514556884766,3239070.0
20130719,71.18811798095703,71.78218078613281,69.60395812988281,69.60395812988281,3287550.0
20130722,70.09900665283203,71.48514556884766,70.0,70.8910903930664,2842140.0
20130723,71.78218078613281,73.46534729003906,71.38613891601562,73.26732635498047,4251090.0
20130724,73.46534729003906,73.86138916015625,72.37623596191406,73.26732635498047,3263310.0
20130725,73.26732635498047,73.3663330078125,72.07920837402344,72.37623596191406,2020000.0
20130726,72.37623596191406,72.37623596191406,71.089111328125,71.28712463378906,2102820.0
20130729,71.68316650390625,71.88118743896484,70.29702758789062,70.39604187011719,1643270.0
20130730,69.90099334716797,71.68316650390625,69.60395812988281,71.68316650390625,1856380.0
20130731,72.17821502685547,72.17821502685547,71.089111328125,71.089111328125,2615900.0
20130801,71.089111328125,71.78218078613281,70.0,71.28712463378906,3891530.0
20130802,72.27722930908203,74.2574234008789,72.07920837402344,73.46534729003906,6526620.0
20130805,73.76237487792969,73.76237487792969,72.87128448486328,73.16831970214844,1715990.0
20130806,73.76237487792969,76.83168029785156,73.5643539428711,73.5643539428711,7615400.0
20130807,72.07920837402344,72.97029876708984,69.1089096069336,69.40593719482422,7914360.0
20130808,69.40593719482422,69.90099334716797,67.32672882080078,68.81188201904297,4507630.0
20130809,68.81188201904297,69.50495147705078,68.11881256103516,68.7128677368164,2701750.0
20130812,68.7128677368164,68.7128677368164,67.62376403808594,67.82178497314453,3244120.0
20130813,69.1089096069336,70.79207611083984,68.11881256103516,70.29702758789062,4237960.0
20130814,70.59406280517578,71.28712463378906,69.70297241210938,70.59406280517578,5335830.0
20130815,67.0,67.9000015258789,66.5,67.0999984741211,4005000.0
20130816,67.80000305175781,68.0,67.0,67.5,2843000.0
20130819,67.9000015258789,68.19999694824219,67.19999694824219,67.5999984741211,2099000.0
20130820,68.5,68.5,67.69999694824219,68.0,2531000.0
20130822,67.80000305175781,67.80000305175781,66.0,66.19999694824219,3812000.0
20130823,66.9000015258789,67.0999984741211,66.5999984741211,66.5999984741211,2234000.0
20130826,67.30000305175781,67.5999984741211,67.0,67.19999694824219,2048000.0
20130827,67.0,67.4000015258789,65.80000305175781,66.0999984741211,1946000.0
20130828,65.9000015258789,66.0,65.0,65.0999984741211,2785000.0
20130829,65.0999984741211,66.0999984741211,65.0999984741211,65.30000305175781,5460000.0
20130830,66.5,67.19999694824219,66.0999984741211,66.4000015258789,6298000.0
20130902,66.5999984741211,67.0999984741211,66.0,67.0,4845000.0
20130903,69.0,70.5999984741211,69.0,70.5,9573000.0
20130904,70.30000305175781,70.30000305175781,69.19999694824219,69.5999984741211,4072000.0
20130905,69.9000015258789,70.4000015258789,69.69999694824219,70.30000305175781,3772000.0
20130906,70.30000305175781,71.0999984741211,69.80000305175781,70.9000015258789,4303000.0
20130909,71.5999984741211,71.5999984741211,70.0999984741211,70.80000305175781,4274000.0
20130910,71.4000015258789,71.5999984741211,70.19999694824219,70.5999984741211,4234000.0
20130911,70.5,71.30000305175781,69.9000015258789,71.0,2814000.0
20130912,70.69999694824219,71.30000305175781,69.9000015258789,70.5,2840000.0
20130913,70.69999694824219,70.69999694824219,69.5,69.5,2220000.0
20130916,69.5999984741211,70.19999694824219,69.30000305175781,70.0999984741211,3681000.0
20130917,70.9000015258789,70.9000015258789,70.0,70.9000015258789,2999000.0
20130918,71.5999984741211,73.19999694824219,71.5999984741211,72.0999984741211,9679000.0
20130923,73.0,74.4000015258789,72.4000015258789,73.5999984741211,9125000.0
20130924,73.0,73.30000305175781,72.5999984741211,72.5999984741211,5509000.0
20130925,72.0999984741211,73.19999694824219,71.4000015258789,73.19999694824219,4444000.0
20130926,73.19999694824219,73.19999694824219,72.0,72.19999694824219,2823000.0
20130927,71.69999694824219,72.4000015258789,71.30000305175781,71.30000305175781,2333000.0
20130930,70.5999984741211,72.5,70.30000305175781,72.19999694824219,3126000.0
20131001,71.69999694824219,72.5,71.30000305175781,71.30000305175781,6002000.0
20131002,71.5,72.19999694824219,71.30000305175781,72.19999694824219,2678000.0
20131003,72.19999694824219,73.9000015258789,72.0999984741211,73.5999984741211,5099000.0
20131004,74.0,74.0999984741211,72.69999694824219,72.9000015258789,2997000.0
20131007,72.80000305175781,72.9000015258789,70.9000015258789,71.0999984741211,3581000.0
20131008,71.5,72.19999694824219,71.0,71.0999984741211,3297000.0
20131009,70.5999984741211,71.30000305175781,68.69999694824219,69.30000305175781,5299000.0
20131011,70.5999984741211,70.69999694824219,69.0999984741211,69.19999694824219,3252000.0
20131014,70.0,70.0,68.30000305175781,68.69999694824219,2416000.0
20131015,70.0,70.5,69.19999694824219,70.30000305175781,2912000.0
20131016,70.80000305175781,70.80000305175781,68.80000305175781,68.80000305175781,2398000.0
20131017,69.0999984741211,69.4000015258789,66.19999694824219,67.0999984741211,9954000.0
20131018,67.4000015258789,69.0,66.5,69.0,6398000.0
20131021,70.0,71.9000015258789,70.0,71.0,8916000.0
20131022,71.0,71.9000015258789,70.0,71.4000015258789,6072000.0
20131023,71.0,71.30000305175781,70.30000305175781,70.30000305175781,3877000.0
20131024,70.19999694824219,71.19999694824219,69.5,71.0999984741211,2431000.0
20131025,71.0,71.9000015258789,70.0999984741211,70.0999984741211,3932000.0
20131028,70.0999984741211,70.5,69.5,70.19999694824219,2170000.0
20131029,70.0,70.5,69.30000305175781,69.5,2363000.0
20131030,69.30000305175781,70.30000305175781,69.19999694824219,69.69999694824219,2454000.0
20131031,70.4000015258789,70.5999984741211,68.4000015258789,68.4000015258789,6466000.0
20131101,70.4000015258789,70.5999984741211,69.5,69.5999984741211,5730000.0
20131104,69.9000015258789,71.4000015258789,69.80000305175781,70.9000015258789,4818000.0
20131105,71.30000305175781,71.80000305175781,70.0999984741211,70.9000015258789,4729000.0
20131106,70.69999694824219,71.4000015258789,69.80000305175781,71.0,3392000.0
20131107,71.4000015258789,73.30000305175781,70.9000015258789,72.80000305175781,8930000.0
20131108,72.5,72.5,71.30000305175781,71.30000305175781,4004000.0
20131111,71.5999984741211,72.19999694824219,70.5999984741211,70.69999694824219,2600000.0
20131112,70.80000305175781,71.5999984741211,69.69999694824219,71.30000305175781,4220000.0
20131113,71.5,71.5,70.30000305175781,70.5999984741211,2081000.0
20131114,71.0,72.0,70.4000015258789,71.9000015258789,3259000.0
20131115,72.19999694824219,73.5,72.0,72.19999694824219,5690000.0
20131118,72.80000305175781,72.80000305175781,71.19999694824219,71.19999694824219,2123000.0
20131119,71.19999694824219,72.4000015258789,71.19999694824219,72.19999694824219,1704000.0
20131120,72.4000015258789,72.4000015258789,70.5999984741211,70.69999694824219,3245000.0
20131121,70.30000305175781,70.30000305175781,68.5,68.9000015258789,5314000.0
20131122,69.0,69.5999984741211,67.80000305175781,68.30000305175781,3872000.0
20131125,69.19999694824219,70.0,69.19999694824219,70.0,1873000.0
20131126,70.0,70.69999694824219,69.0,69.69999694824219,4339000.0
20131127,69.69999694824219,71.69999694824219,69.5999984741211,71.5999984741211,4398000.0
20131128,72.0,72.5,71.19999694824219,71.19999694824219,4802000.0
20131129,71.69999694824219,72.4000015258789,71.19999694824219,71.69999694824219,2843000.0
20131202,72.0,73.0,71.9000015258789,72.19999694824219,2799000.0
20131203,72.19999694824219,72.4000015258789,71.69999694824219,71.9000015258789,1831000.0
20131204,71.9000015258789,72.69999694824219,71.69999694824219,71.9000015258789,2495000.0
20131205,72.5999984741211,74.0999984741211,72.30000305175781,73.30000305175781,8823000.0
20131206,73.30000305175781,73.5999984741211,72.5,73.0,5555000.0
20131209,74.0,74.9000015258789,73.30000305175781,73.9000015258789,9390000.0
20131210,73.5999984741211,73.9000015258789,72.4000015258789,72.69999694824219,3303000.0
20131211,72.69999694824219,73.80000305175781,72.5999984741211,73.0,3689000.0
20131212,73.0,74.4000015258789,72.69999694824219,74.0999984741211,4974000.0
20131213,74.19999694824219,76.5,74.19999694824219,75.80000305175781,10855000.0
20131216,76.69999694824219,79.4000015258789,76.69999694824219,79.0,16654000.0
20131217,80.0,80.0,77.5999984741211,78.0,8087000.0
20131218,78.19999694824219,78.9000015258789,77.30000305175781,78.30000305175781,4745000.0
20131219,79.19999694824219,79.19999694824219,77.80000305175781,77.9000015258789,4574000.0
20131220,78.5,80.80000305175781,78.4000015258789,79.19999694824219,8676000.0
20131223,80.30000305175781,80.5,78.30000305175781,78.4000015258789,5204000.0
20131224,79.0,79.0,77.69999694824219,77.80000305175781,2688000.0
20131225,78.30000305175781,78.5,77.9000015258789,78.5,1739000.0
20131226,79.0,79.19999694824219,78.30000305175781,78.30000305175781,2004000.0
20131227,78.5,80.5,78.5,78.9000015258789,5775000.0
20131230,79.80000305175781,79.80000305175781,78.5999984741211,79.0,2923000.0
20131231,79.80000305175781,81.0,79.69999694824219,80.0,6419000.0
20140102,80.5999984741211,83.4000015258789,80.19999694824219,83.19999694824219,11941000.0
20140103,83.5,83.5999984741211,81.19999694824219,81.5,6805000.0
20140106,82.80000305175781,82.80000305175781,79.19999694824219,79.4000015258789,7195000.0
20140107,80.30000305175781,81.0999984741211,80.0,80.30000305175781,5319000.0
20140108,80.80000305175781,83.0,80.5999984741211,82.0,8075000.0
20140109,81.9000015258789,82.0999984741211,79.69999694824219,79.80000305175781,5877000.0
20140110,79.80000305175781,80.80000305175781,79.5999984741211,79.5999984741211,4434000.0
20140113,80.0,80.69999694824219,79.5,79.5,2350000.0
20140114,79.4000015258789,79.5999984741211,77.5999984741211,78.0999984741211,4196000.0
20140115,78.19999694824219,79.30000305175781,78.19999694824219,78.30000305175781,2882000.0
20140116,79.0,80.30000305175781,78.5999984741211,79.5,4286000.0
20140117,79.80000305175781,85.0,79.69999694824219,84.19999694824219,20579000.0
20140120,85.0999984741211,89.5,85.0999984741211,89.0,20399000.0
20140121,90.0,90.80000305175781,88.0,88.19999694824219,13247000.0
20140122,88.5,90.5999984741211,87.80000305175781,87.9000015258789,9803000.0
20140123,89.19999694824219,90.19999694824219,88.0,90.0,10131000.0
20140124,89.4000015258789,89.4000015258789,83.69999694824219,83.69999694824219,18874000.0
20140127,82.5999984741211,84.19999694824219,80.19999694824219,83.0,10480000.0
20140205,80.80000305175781,84.0999984741211,80.5999984741211,83.9000015258789,6939000.0
20140206,84.19999694824219,84.5,83.0,83.0,3668000.0
20140207,84.0,85.9000015258789,83.5,84.5,7257000.0
20140210,84.80000305175781,85.4000015258789,84.0999984741211,84.19999694824219,4128000.0
20140211,84.19999694824219,85.69999694824219,84.19999694824219,85.69999694824219,3382000.0
20140212,85.80000305175781,86.5,84.69999694824219,85.0,4776000.0
20140213,85.30000305175781,85.80000305175781,84.5999984741211,84.5999984741211,2835000.0
20140214,85.5999984741211,87.0999984741211,84.9000015258789,85.0999984741211,5114000.0
20140217,87.0,87.5,86.4000015258789,87.19999694824219,5938000.0
20140218,87.19999694824219,87.69999694824219,86.19999694824219,87.30000305175781,3106000.0
20140219,87.5,87.5,85.80000305175781,85.80000305175781,3934000.0
20140220,85.80000305175781,86.5999984741211,83.4000015258789,84.0,7448000.0
20140221,85.0,85.5999984741211,84.5,85.5,3418000.0
20140224,86.19999694824219,87.0,85.19999694824219,86.69999694824219,3276000.0
20140225,87.30000305175781,87.4000015258789,86.80000305175781,86.80000305175781,3466000.0
20140226,86.19999694824219,89.5,85.80000305175781,87.80000305175781,7340000.0
20140227,88.80000305175781,90.69999694824219,87.80000305175781,90.0,9818000.0
20140303,88.5999984741211,88.9000015258789,86.80000305175781,87.19999694824219,9119000.0
20140304,86.69999694824219,87.80000305175781,85.80000305175781,86.0,7461000.0
20140305,87.0,88.9000015258789,86.69999694824219,88.9000015258789,7280000.0
20140306,89.5,92.9000015258789,88.9000015258789,91.5,12687000.0
20140307,92.0,93.19999694824219,90.0,91.30000305175781,9559000.0
20140310,91.19999694824219,91.69999694824219,90.30000305175781,90.69999694824219,3544000.0
20140311,91.19999694824219,94.5,91.0999984741211,93.19999694824219,7099000.0
20140312,93.0,93.69999694824219,92.30000305175781,93.0,2772000.0
20140313,93.5999984741211,94.0,91.69999694824219,92.0,4207000.0
20140314,91.0,91.9000015258789,90.5999984741211,91.0,2363000.0
20140317,91.30000305175781,91.69999694824219,91.0,91.5,1681000.0
20140318,92.5999984741211,94.80000305175781,92.0999984741211,94.5,8080000.0
20140319,94.80000305175781,95.80000305175781,91.80000305175781,92.0,6636000.0
20140320,90.80000305175781,91.0,89.0,89.4000015258789,6365000.0
20140321,90.0,90.5,87.4000015258789,87.9000015258789,4246000.0
20140324,87.9000015258789,89.5,86.19999694824219,89.5,2968000.0
20140325,89.5,89.69999694824219,88.30000305175781,89.4000015258789,2343000.0
20140326,90.69999694824219,90.69999694824219,89.4000015258789,90.69999694824219,3098000.0
20140327,90.69999694824219,90.69999694824219,89.0,89.4000015258789,2495000.0
20140328,89.9000015258789,91.4000015258789,89.9000015258789,90.0,3852000.0
20140331,90.4000015258789,91.80000305175781,90.30000305175781,91.80000305175781,3054000.0
20140401,91.69999694824219,92.0,91.0999984741211,91.5999984741211,1777000.0
20140402,92.5,92.69999694824219,91.5999984741211,91.69999694824219,2990000.0
20140403,92.5,92.5,91.19999694824219,91.4000015258789,2986000.0
20140407,90.5,91.4000015258789,89.5,91.4000015258789,3063000.0
20140408,91.5,91.5,89.69999694824219,90.19999694824219,2593000.0
20140409,90.5,91.0,89.9000015258789,90.19999694824219,2635000.0
20140410,91.0,91.0,88.9000015258789,90.0,4474000.0
20140411,89.0999984741211,89.80000305175781,88.5,89.0,2576000.0
20140414,88.80000305175781,88.80000305175781,87.30000305175781,87.4000015258789,2362000.0
20140415,87.9000015258789,89.0999984741211,87.9000015258789,88.30000305175781,1736000.0
20140416,88.80000305175781,89.5,87.9000015258789,89.0,2837000.0
20140417,90.0,90.9000015258789,89.5999984741211,90.30000305175781,2869000.0
20140418,91.0,91.4000015258789,90.0999984741211,90.5,2005000.0
20140421,90.5,90.5,89.5,89.5,1290000.0
20140422,89.5,90.0999984741211,89.0999984741211,89.0999984741211,1927000.0
20140423,89.30000305175781,89.69999694824219,87.4000015258789,88.0,2678000.0
20140424,88.5,89.0,88.0999984741211,88.30000305175781,1735000.0
20140425,88.30000305175781,88.80000305175781,83.19999694824219,84.30000305175781,7102000.0
20140428,83.0,85.9000015258789,83.0,85.9000015258789,2462000.0
20140429,86.4000015258789,88.0,86.30000305175781,88.0,3234000.0
20140430,89.0999984741211,89.5,86.0,86.0999984741211,4684000.0
20140502,86.69999694824219,88.9000015258789,86.69999694824219,88.5,3641000.0
20140505,89.5,90.30000305175781,88.0999984741211,90.0999984741211,3578000.0
20140506,90.80000305175781,90.80000305175781,89.19999694824219,90.0999984741211,3075000.0
20140507,90.30000305175781,91.30000305175781,89.4000015258789,89.69999694824219,3981000.0
20140508,90.0,90.5,88.30000305175781,88.69999694824219,2381000.0
20140509,89.0,89.5,88.5,88.5,1533000.0
20140512,88.5,89.30000305175781,87.5,87.80000305175781,1723000.0
20140513,89.0,89.69999694824219,87.5,88.30000305175781,2242000.0
20140514,88.30000305175781,88.80000305175781,86.30000305175781,88.0,2801000.0
20140515,88.0,88.9000015258789,87.5,88.80000305175781,1439000.0
20140516,89.19999694824219,89.30000305175781,87.69999694824219,89.30000305175781,2116000.0
20140519,89.69999694824219,89.80000305175781,89.0999984741211,89.30000305175781,1042000.0
20140520,89.9000015258789,89.9000015258789,89.0,89.69999694824219,1261000.0
20140521,89.69999694824219,89.69999694824219,88.5,88.5,1420000.0
20140522,89.5999984741211,90.80000305175781,89.0,90.69999694824219,3326000.0
20140523,96.9000015258789,97.0,92.0,92.4000015258789,17010000.0
20140526,93.0,93.4000015258789,91.9000015258789,92.0999984741211,4418000.0
20140527,92.5,92.5,91.30000305175781,91.5999984741211,2482000.0
20140528,91.9000015258789,94.0,91.80000305175781,93.4000015258789,7429000.0
20140529,93.9000015258789,94.69999694824219,92.5,93.0,4375000.0
20140530,93.80000305175781,93.9000015258789,92.5,92.5,3161000.0
20140603,92.69999694824219,93.4000015258789,91.80000305175781,92.5,2858000.0
20140604,92.9000015258789,93.80000305175781,92.5999984741211,93.19999694824219,3770000.0
20140605,94.0,97.5999984741211,93.5,96.69999694824219,13406000.0
20140606,97.80000305175781,98.30000305175781,95.5999984741211,95.5999984741211,7772000.0
20140609,97.9000015258789,99.80000305175781,97.4000015258789,98.30000305175781,10944000.0
20140610,98.80000305175781,98.9000015258789,97.5,98.5,4025000.0
20140611,98.30000305175781,98.69999694824219,97.69999694824219,98.0,2865000.0
20140612,97.5999984741211,99.80000305175781,97.5,99.0,6102000.0
20140613,99.5,99.5999984741211,98.0,98.80000305175781,3546000.0
20140616,98.5,99.5,98.0999984741211,98.0999984741211,2950000.0
20140617,98.19999694824219,98.69999694824219,97.19999694824219,97.69999694824219,2960000.0
20140618,98.0,98.0,95.19999694824219,95.69999694824219,4855000.0
20140619,96.30000305175781,97.4000015258789,96.19999694824219,97.19999694824219,1687000.0
20140620,97.19999694824219,97.9000015258789,96.30000305175781,96.30000305175781,2333000.0
20140623,96.30000305175781,96.5,92.80000305175781,93.80000305175781,6256000.0
20140624,93.80000305175781,94.5,92.69999694824219,92.69999694824219,4331000.0
20140625,92.5,94.5999984741211,92.5,94.5999984741211,2975000.0
20140626,94.9000015258789,95.4000015258789,93.5,93.5999984741211,3038000.0
20140627,93.80000305175781,94.9000015258789,93.5999984741211,94.0999984741211,2166000.0
20140630,94.19999694824219,94.80000305175781,93.5999984741211,94.5999984741211,2078000.0
20140701,94.5999984741211,97.30000305175781,94.30000305175781,96.4000015258789,3928000.0
20140702,97.0,98.4000015258789,93.9000015258789,95.19999694824219,5727000.0
20140703,95.30000305175781,96.5,94.5,96.5,2851000.0
20140704,97.0999984741211,98.0999984741211,96.5,97.4000015258789,3578000.0
20140707,97.5,97.5999984741211,95.30000305175781,95.80000305175781,2865000.0
20140708,95.9000015258789,95.9000015258789,95.0,95.4000015258789,1827000.0
20140709,94.9000015258789,95.4000015258789,94.4000015258789,94.5,1661000.0
20140710,95.0,96.30000305175781,94.80000305175781,95.0999984741211,2389000.0
20140711,95.0,95.0,92.0,92.80000305175781,2848000.0
20140714,92.80000305175781,94.19999694824219,92.69999694824219,93.80000305175781,1391000.0
20140715,94.5,94.5,93.19999694824219,93.5,1781000.0
20140716,93.5,93.5,92.0999984741211,92.9000015258789,2693000.0
20140717,93.19999694824219,93.69999694824219,92.30000305175781,93.69999694824219,1708000.0
20140718,92.0,94.0,92.0,93.69999694824219,1201000.0
20140721,94.0,94.19999694824219,93.19999694824219,93.30000305175781,982000.0
20140722,93.5,94.19999694824219,93.0,94.19999694824219,1283000.0
20140723,94.19999694824219,94.19999694824219,94.19999694824219,94.19999694824219,0.0
20140724,94.80000305175781,95.4000015258789,94.5,95.4000015258789,2870000.0
20140725,96.0,96.19999694824219,95.19999694824219,95.5,3753000.0
20140728,95.5,96.19999694824219,94.5999984741211,95.5,2506000.0
20140729,96.19999694824219,96.30000305175781,93.30000305175781,94.69999694824219,3197000.0
20140730,94.69999694824219,96.19999694824219,94.30000305175781,95.5999984741211,3560000.0
20140731,97.4000015258789,97.4000015258789,95.30000305175781,95.9000015258789,5549000.0
20140801,94.0,97.80000305175781,94.0,97.19999694824219,5580000.0
20140804,98.0,99.30000305175781,96.9000015258789,99.0,7931000.0
20140805,99.0,101.0,98.30000305175781,98.30000305175781,7250000.0
20140806,99.0,99.5,97.0999984741211,98.0,4603000.0
20140807,97.9000015258789,99.4000015258789,97.9000015258789,98.80000305175781,4367000.0
20140808,97.5999984741211,99.19999694824219,97.0999984741211,99.0,3999000.0
20140811,100.0,105.5,99.69999694824219,105.5,13004000.0
20140812,105.0,108.5,103.0,105.5,9765000.0
20140813,106.5,107.5,104.0,107.0,5879000.0
20140814,108.0,111.5,108.0,110.0,8520000.0
20140815,110.5,111.0,107.0,109.5,5476000.0
20140818,110.0,111.0,105.5,106.0,5051000.0
20140819,107.0,109.0,105.5,108.5,5023000.0
20140820,108.5,109.5,105.5,106.5,4025000.0
20140821,106.5,108.0,101.5,108.0,5875000.0
20140822,108.0,112.0,107.5,110.0,5991000.0
20140825,111.5,112.0,109.5,110.0,4289000.0
20140826,106.5,109.5,105.0,109.5,7287000.0
20140827,109.5,111.0,107.0,108.0,3617000.0
20140828,109.0,109.5,108.0,108.0,2416000.0
20140829,108.0,110.0,108.0,109.0,2577000.0
20140901,110.0,116.5,109.0,116.5,8076000.0
20140902,117.0,121.5,113.5,114.5,12498000.0
20140903,116.5,119.5,114.0,115.0,7766000.0
20140904,114.5,115.0,110.0,110.5,6027000.0
20140905,112.0,113.5,109.5,112.0,6948000.0
20140909,113.0,119.5,113.0,119.5,9094000.0
20140910,119.0,119.5,116.5,119.0,5210000.0
20140911,119.5,120.0,114.0,114.0,6510000.0
20140912,114.0,114.5,106.5,108.0,10771000.0
20140915,107.0,110.0,106.5,110.0,4151000.0
20140916,110.5,111.0,107.5,107.5,2298000.0
20140917,108.5,115.0,108.5,112.0,6348000.0
20140918,113.0,116.0,112.0,116.0,5746000.0
20140919,117.0,117.5,112.0,112.5,4419000.0
20140922,112.0,112.0,109.0,110.5,2693000.0
20140923,109.5,111.0,108.5,109.0,2264000.0
20140924,111.0,113.5,110.0,111.5,3683000.0
20140925,112.5,112.5,107.5,109.0,3813000.0
20140926,107.0,109.0,106.0,107.5,3031000.0
20140929,108.5,109.0,106.0,106.0,3230000.0
20140930,107.0,108.0,104.5,108.0,4763000.0
20141001,106.0,109.0,106.0,106.5,3651000.0
20141002,105.0,112.0,105.0,109.0,4639000.0
20141003,109.5,111.5,108.5,109.5,3302000.0
20141006,109.5,114.5,109.0,111.5,6010000.0
20141007,111.5,111.5,109.0,109.0,3792000.0
20141008,108.5,110.0,106.5,109.0,4126000.0
20141009,110.0,111.5,109.0,111.0,4273000.0
20141013,106.0,107.0,103.5,103.5,7054000.0
20141014,102.5,104.5,101.0,103.5,4008000.0
20141015,104.0,106.5,103.0,103.0,3915000.0
20141016,103.0,105.5,99.69999694824219,103.0,5681000.0
20141017,104.0,105.0,102.5,102.5,4099000.0
20141020,105.0,106.5,104.5,106.5,4149000.0
20141021,106.0,107.0,105.5,106.0,2461000.0
20141022,108.5,109.0,106.5,107.5,1916000.0
20141023,109.0,109.0,107.5,108.0,1380000.0
20141024,109.0,109.0,106.0,106.0,1682000.0
20141027,107.0,108.5,104.0,105.0,2951000.0
20141028,107.0,108.5,106.5,108.5,2820000.0
20141029,109.5,111.0,109.0,111.0,4554000.0
20141030,104.0,104.0,103.5,103.5,4447000.0
20141031,100.0,101.0,97.19999694824219,100.5,15975000.0
20141103,99.9000015258789,102.0,98.0999984741211,98.30000305175781,10431000.0
20141104,98.30000305175781,101.0,98.30000305175781,100.0,6865000.0
20141105,100.5,100.5,98.30000305175781,98.4000015258789,3895000.0
20141106,98.0,98.4000015258789,94.19999694824219,94.5,7883000.0
20141107,94.5,96.19999694824219,94.5,95.5999984741211,4948000.0
20141110,96.5,102.0,95.80000305175781,101.0,10278000.0
20141111,100.5,102.5,99.69999694824219,102.0,4386000.0
20141112,100.5,102.0,100.0,100.5,3870000.0
20141113,102.5,104.0,99.5999984741211,101.5,4126000.0
20141114,102.0,102.0,100.0,100.0,2516000.0
20141117,100.5,101.5,99.30000305175781,99.30000305175781,2116000.0
20141118,100.0,100.5,96.5999984741211,96.9000015258789,2771000.0
20141119,98.0999984741211,99.69999694824219,97.69999694824219,99.19999694824219,2663000.0
20141120,100.0,101.0,99.5999984741211,99.80000305175781,2084000.0
20141121,99.80000305175781,101.5,99.5,99.5,2205000.0
20141124,100.5,101.5,99.69999694824219,100.0,1585000.0
20141125,101.0,102.0,99.9000015258789,101.5,2102000.0
20141126,101.5,102.0,100.5,101.0,1385000.0
20141127,102.0,105.5,101.5,105.0,5351000.0
20141128,105.0,105.0,102.0,103.0,4130000.0
20141201,101.5,104.0,100.5,103.0,2807000.0
20141202,103.0,104.5,102.0,103.0,3402000.0
20141203,104.0,108.5,103.0,106.0,6386000.0
20141204,107.0,108.0,105.0,105.0,3807000.0
20141205,106.0,109.5,105.5,107.5,4541000.0
20141208,107.0,107.5,104.0,104.0,2512000.0
20141209,105.0,106.5,103.5,104.0,2775000.0
20141210,105.0,106.5,104.0,104.5,2716000.0
20141211,104.0,107.0,103.5,106.5,3208000.0
20141212,106.5,110.0,106.5,108.0,4846000.0
20141215,107.0,108.5,106.5,107.0,2259000.0
20141216,106.0,107.5,104.5,104.5,2358000.0
20141217,104.5,105.5,100.5,100.5,3796000.0
20141218,102.0,104.0,102.0,104.0,2239000.0
20141219,108.0,108.0,103.0,103.0,2320000.0
20141222,105.0,105.5,103.5,105.5,1302000.0
20141223,105.5,106.0,104.5,105.0,927000.0
20141224,105.5,106.0,104.5,106.0,1071000.0
20141225,106.0,106.0,104.0,104.5,1026000.0
20141226,105.5,105.5,103.5,105.5,1027000.0
20141229,105.0,107.0,104.5,105.5,2028000.0
20141230,106.5,107.0,105.5,105.5,996000.0
20141231,105.5,106.5,105.0,106.0,855000.0
20150105,106.0,106.5,104.5,106.0,1304000.0
20150106,104.5,107.0,104.5,106.5,2598000.0
20150107,106.5,106.5,105.0,105.5,1585000.0
20150108,106.5,108.0,105.0,106.0,2284000.0
20150109,106.5,106.5,101.0,101.0,5161000.0
20150112,101.0,103.5,100.0,102.0,2775000.0
20150113,101.0,104.0,101.0,103.0,2443000.0
20150114,102.0,103.5,102.0,102.5,1325000.0
20150115,101.5,102.0,98.5999984741211,99.19999694824219,5998000.0
20150116,99.19999694824219,99.80000305175781,98.0999984741211,98.69999694824219,4257000.0
20150119,99.5,101.5,97.80000305175781,98.0,3003000.0
20150120,98.5,99.80000305175781,97.5,99.5,1872000.0
20150121,100.0,100.5,99.19999694824219,99.4000015258789,2161000.0
20150122,99.5,101.0,99.19999694824219,100.0,2864000.0
20150123,100.5,102.0,100.5,101.5,2668000.0
20150126,102.0,102.0,100.0,101.0,1534000.0
20150127,101.0,102.5,101.0,102.0,2178000.0
20150128,101.0,101.5,99.69999694824219,99.80000305175781,3122000.0
20150129,97.5999984741211,98.5,96.19999694824219,97.69999694824219,8875000.0
20150130,97.9000015258789,98.30000305175781,97.0999984741211,97.0999984741211,3915000.0
20150202,97.0999984741211,97.80000305175781,96.9000015258789,97.80000305175781,1662000.0
20150203,97.80000305175781,98.19999694824219,97.0,97.0,3302000.0
20150204,98.0,98.4000015258789,97.0,97.0999984741211,4179000.0
20150205,98.0,99.0999984741211,97.5,97.5999984741211,3692000.0
20150206,98.5,101.5,97.9000015258789,99.30000305175781,4731000.0
20150209,99.30000305175781,101.5,99.30000305175781,100.0,3162000.0
20150210,100.0,101.0,98.9000015258789,99.0,2324000.0
20150211,99.5999984741211,100.5,98.0999984741211,99.5,2889000.0
20150212,99.69999694824219,100.0,99.19999694824219,99.80000305175781,1869000.0
20150213,99.5,100.0,99.0999984741211,99.0999984741211,2139000.0
20150224,100.5,100.5,97.5999984741211,97.9000015258789,4180000.0
20150225,97.9000015258789,99.5,97.80000305175781,99.19999694824219,2826000.0
20150226,99.0,99.19999694824219,98.19999694824219,98.4000015258789,2384000.0
20150302,98.5,99.80000305175781,98.5,99.5,2077000.0
20150303,99.5,100.5,99.0,100.5,2686000.0
20150304,100.5,101.5,99.9000015258789,101.0,3329000.0
20150305,101.0,101.0,99.19999694824219,99.80000305175781,3065000.0
20150306,99.80000305175781,101.0,99.30000305175781,101.0,1504000.0
20150309,100.5,102.0,99.69999694824219,101.0,2000000.0
20150310,101.0,102.0,100.0,101.5,1698000.0
20150311,100.5,101.5,100.0,100.5,1722000.0
20150312,100.5,105.0,100.0,103.5,5477000.0
20150313,104.0,105.0,103.0,104.0,3203000.0
20150316,103.5,104.0,102.5,103.5,2612000.0
20150317,104.0,104.5,101.5,102.0,2331000.0
20150318,102.5,103.0,101.0,102.0,1938000.0
20150319,103.0,103.5,102.5,103.0,1158000.0
20150320,103.0,104.5,102.0,103.5,1998000.0
20150323,103.5,104.0,102.5,102.5,1145000.0
20150324,103.5,104.5,102.5,103.5,2087000.0
20150325,103.5,103.5,101.5,101.5,1219000.0
20150326,100.0,101.5,100.0,101.0,1043000.0
20150327,102.0,102.0,98.0,98.9000015258789,2929000.0
20150330,99.9000015258789,101.0,99.0,100.5,1225000.0
20150331,101.5,102.0,99.9000015258789,100.0,1243000.0
20150401,100.0,100.5,98.80000305175781,98.80000305175781,1257000.0
20150402,100.0,103.0,100.0,102.5,2743000.0
20150407,103.0,103.0,101.0,101.0,1581000.0
20150408,102.0,102.5,100.0,100.0,1924000.0
20150409,101.0,101.5,98.80000305175781,98.80000305175781,2182000.0
20150410,99.80000305175781,100.0,97.80000305175781,97.9000015258789,2520000.0
20150413,98.19999694824219,98.4000015258789,96.80000305175781,97.0999984741211,2229000.0
20150414,97.0,97.80000305175781,96.5999984741211,97.5,3153000.0
20150415,97.80000305175781,97.80000305175781,96.0,96.0,2977000.0
20150416,96.5,97.30000305175781,96.19999694824219,97.30000305175781,1082000.0
20150417,97.5,97.5,96.4000015258789,96.4000015258789,1117000.0
20150420,96.0,96.5999984741211,95.19999694824219,95.19999694824219,2062000.0
20150421,95.5,96.4000015258789,95.0,95.0,1368000.0
20150422,95.5,98.80000305175781,95.5,97.5,1988000.0
20150423,97.80000305175781,98.5,97.0999984741211,98.5,1626000.0
20150424,98.5999984741211,99.0999984741211,98.0999984741211,98.19999694824219,2494000.0
20150427,98.69999694824219,99.0,98.19999694824219,98.19999694824219,2267000.0
20150428,99.5,101.0,99.0999984741211,99.30000305175781,2685000.0
20150429,98.80000305175781,98.80000305175781,96.30000305175781,97.0,3258000.0
20150430,96.0999984741211,96.80000305175781,95.80000305175781,96.0,2380000.0
20150504,96.0,96.0,94.5,94.5,2922000.0
20150505,94.0,95.19999694824219,93.5,93.9000015258789,2474000.0
20150506,93.4000015258789,93.80000305175781,93.0999984741211,93.19999694824219,2324000.0
20150507,93.0,93.0999984741211,92.19999694824219,92.5,1984000.0
20150508,92.5,93.30000305175781,91.0999984741211,91.4000015258789,2083000.0
20150511,92.0,92.4000015258789,90.0999984741211,90.0999984741211,1988000.0
20150512,90.0999984741211,91.30000305175781,90.0999984741211,90.9000015258789,1730000.0
20150513,90.9000015258789,92.0,90.9000015258789,91.5999984741211,1526000.0
20150514,91.5999984741211,92.80000305175781,91.0,92.4000015258789,1703000.0
20150515,92.5,92.69999694824219,91.69999694824219,92.0999984741211,1320000.0
20150518,92.0999984741211,92.30000305175781,91.30000305175781,92.19999694824219,1085000.0
20150519,92.80000305175781,94.30000305175781,91.80000305175781,92.69999694824219,1872000.0
20150520,92.69999694824219,93.0,92.30000305175781,92.30000305175781,1927000.0
20150521,91.69999694824219,91.69999694824219,90.4000015258789,90.9000015258789,1872000.0
20150522,91.0,91.80000305175781,91.0,91.30000305175781,1440000.0
20150525,91.5,91.69999694824219,91.30000305175781,91.4000015258789,591000.0
20150526,92.30000305175781,92.4000015258789,91.19999694824219,91.5999984741211,873000.0
20150527,92.0,92.19999694824219,91.5999984741211,91.9000015258789,492000.0
20150528,93.0,93.5999984741211,92.19999694824219,93.19999694824219,2115000.0
20150529,93.19999694824219,94.19999694824219,93.0,93.69999694824219,2967000.0
20150601,94.0,94.0,92.30000305175781,93.4000015258789,1065000.0
20150602,94.0999984741211,95.19999694824219,93.4000015258789,94.4000015258789,2748000.0
20150603,94.9000015258789,94.9000015258789,92.5,92.5,1517000.0
20150604,92.0999984741211,92.5,90.5,91.0,2552000.0
20150605,90.5,90.5,85.19999694824219,87.69999694824219,5520000.0
20150608,88.0,89.30000305175781,87.69999694824219,88.5999984741211,2647000.0
20150609,88.5,88.5,79.80000305175781,80.30000305175781,5658000.0
20150610,80.30000305175781,81.4000015258789,79.30000305175781,79.69999694824219,4368000.0
20150611,79.9000015258789,80.80000305175781,76.69999694824219,78.5,5852000.0
20150612,78.5,80.5999984741211,78.5,79.80000305175781,2886000.0
20150615,79.80000305175781,80.80000305175781,79.5,80.0,1565000.0
20150616,80.4000015258789,80.4000015258789,79.30000305175781,79.9000015258789,1357000.0
20150617,80.0999984741211,81.4000015258789,80.0,80.4000015258789,2180000.0
20150618,81.5,81.5,80.5999984741211,80.80000305175781,1483000.0
20150622,81.19999694824219,81.5,79.5999984741211,79.5999984741211,3253000.0
20150623,79.5999984741211,80.4000015258789,79.30000305175781,79.4000015258789,2423000.0
20150624,79.4000015258789,80.0,79.30000305175781,79.5999984741211,1100000.0
20150625,80.0,81.4000015258789,79.80000305175781,80.30000305175781,2434000.0
20150626,80.30000305175781,80.5999984741211,79.5999984741211,80.0,1217000.0
20150629,79.5,79.5,78.5,79.4000015258789,1627000.0
20150630,80.0999984741211,80.0999984741211,78.5,79.0999984741211,1826000.0
20150701,79.0,83.4000015258789,79.0,82.9000015258789,3892000.0
20150702,83.4000015258789,84.0999984741211,83.0999984741211,83.0999984741211,2905000.0
20150703,82.30000305175781,82.4000015258789,81.0,81.19999694824219,2047000.0
20150706,80.0,80.4000015258789,79.5999984741211,80.0,1767000.0
20150707,79.80000305175781,81.4000015258789,79.69999694824219,80.69999694824219,1761000.0
20150708,80.0999984741211,80.4000015258789,75.80000305175781,76.5999984741211,3096000.0
20150709,74.0,76.5999984741211,72.5999984741211,76.30000305175781,3136000.0
20150710,76.30000305175781,76.30000305175781,76.30000305175781,76.30000305175781,0.0
20150713,77.0,78.0,76.5,77.0,2369000.0
20150714,77.5,77.5999984741211,76.69999694824219,77.0999984741211,1868000.0
20150715,77.5999984741211,77.69999694824219,75.69999694824219,75.80000305175781,1186000.0
20150716,76.0,76.80000305175781,75.80000305175781,75.80000305175781,1181000.0
20150717,76.9000015258789,76.9000015258789,74.9000015258789,74.9000015258789,1905000.0
20150720,75.0999984741211,75.5999984741211,73.0,73.0,1566000.0
20150721,73.0,73.80000305175781,72.0,73.4000015258789,1161000.0
20150722,72.69999694824219,73.0,71.9000015258789,71.9000015258789,1640000.0
20150723,71.19999694824219,72.0,69.30000305175781,69.30000305175781,2594000.0
20150724,69.9000015258789,70.5,69.5999984741211,70.0,1424000.0
20150727,70.5999984741211,71.4000015258789,68.5999984741211,68.5999984741211,2222000.0
20150728,68.19999694824219,70.5999984741211,67.19999694824219,70.19999694824219,2874000.0
20150729,68.5,68.5,63.20000076293945,63.20000076293945,9220000.0
20150730,63.0,64.19999694824219,62.5,63.099998474121094,5371000.0
20150731,62.900001525878906,63.099998474121094,60.29999923706055,62.099998474121094,6335000.0
20150803,62.099998474121094,62.099998474121094,59.900001525878906,60.29999923706055,3398000.0
20150804,60.099998474121094,60.29999923706055,56.599998474121094,57.0,5258000.0
20150805,57.5,59.400001525878906,57.5,58.099998474121094,3185000.0
20150806,58.400001525878906,58.70000076293945,56.0,57.20000076293945,3175000.0
20150807,56.20000076293945,58.20000076293945,56.20000076293945,57.900001525878906,2882000.0
20150810,58.70000076293945,58.79999923706055,57.599998474121094,58.29999923706055,2564000.0
20150811,59.400001525878906,60.400001525878906,58.5,58.5,3079000.0
20150812,59.0,60.29999923706055,57.79999923706055,60.20000076293945,3216000.0
20150813,60.79999923706055,61.29999923706055,59.20000076293945,60.29999923706055,3145000.0
20150814,60.0,60.099998474121094,59.29999923706055,59.900001525878906,1789000.0
20150817,59.900001525878906,60.099998474121094,58.70000076293945,58.70000076293945,1453000.0
20150818,59.0,60.0,58.70000076293945,58.900001525878906,1556000.0
20150819,59.0,59.0,58.0,58.0,1708000.0
20150820,57.900001525878906,58.5,57.0,57.20000076293945,2204000.0
20150821,55.70000076293945,56.400001525878906,55.20000076293945,55.20000076293945,3082000.0
20150824,54.400001525878906,54.400001525878906,49.75,50.70000076293945,3545000.0
20150825,50.599998474121094,53.5,50.5,53.400001525878906,4029000.0
20150826,53.29999923706055,54.5,52.70000076293945,54.0,3436000.0
20150827,54.79999923706055,55.099998474121094,53.79999923706055,54.20000076293945,5031000.0
20150828,55.0,58.599998474121094,54.79999923706055,57.70000076293945,5911000.0
20150831,58.29999923706055,58.599998474121094,57.79999923706055,58.400001525878906,5563000.0
20150901,58.79999923706055,59.5,58.5,59.20000076293945,6154000.0
20150902,54.0,54.20000076293945,52.70000076293945,53.0,6928000.0
20150903,53.29999923706055,53.70000076293945,52.400001525878906,52.900001525878906,3748000.0
20150904,53.099998474121094,54.29999923706055,52.79999923706055,52.79999923706055,2778000.0
20150907,52.5,52.900001525878906,51.70000076293945,52.0,1448000.0
20150908,52.0,53.20000076293945,51.29999923706055,51.599998474121094,3947000.0
20150909,53.0,54.5,52.599998474121094,54.099998474121094,7063000.0
20150910,54.099998474121094,54.70000076293945,53.900001525878906,54.599998474121094,4736000.0
20150911,54.70000076293945,58.70000076293945,54.70000076293945,57.599998474121094,9253000.0
20150914,57.599998474121094,59.900001525878906,56.0,56.5,12416000.0
20150915,56.79999923706055,56.79999923706055,55.400001525878906,55.900001525878906,3733000.0
20150916,56.599998474121094,57.900001525878906,55.900001525878906,56.29999923706055,6075000.0
20150917,57.20000076293945,61.400001525878906,57.20000076293945,60.900001525878906,12782000.0
20150918,61.29999923706055,64.4000015258789,60.20000076293945,63.5,16131000.0
20150921,62.599998474121094,62.599998474121094,61.0,61.5,7573000.0
20150922,61.70000076293945,62.29999923706055,60.29999923706055,60.29999923706055,7754000.0
20150923,59.29999923706055,59.79999923706055,57.79999923706055,58.79999923706055,8143000.0
20150924,59.29999923706055,59.599998474121094,56.0,56.599998474121094,7901000.0
20150925,57.0,58.400001525878906,56.0,57.400001525878906,5723000.0
20150929,57.400001525878906,57.400001525878906,57.400001525878906,57.400001525878906,0.0
20150930,56.0,56.70000076293945,55.099998474121094,55.79999923706055,6723000.0
20151001,56.5,58.20000076293945,56.29999923706055,57.79999923706055,6704000.0
20151002,58.29999923706055,60.099998474121094,57.599998474121094,59.0,7276000.0
20151005,60.0,63.400001525878906,59.20000076293945,63.0,17398000.0
20151006,65.0,65.4000015258789,62.29999923706055,62.29999923706055,16429000.0
20151007,63.20000076293945,67.4000015258789,62.70000076293945,66.5,22887000.0
20151008,68.0,69.0999984741211,64.30000305175781,64.5999984741211,22344000.0
20151012,65.0,65.5,63.70000076293945,65.4000015258789,11475000.0
20151013,65.5,67.80000305175781,65.0,66.5999984741211,14717000.0
20151014,66.5999984741211,67.4000015258789,65.69999694824219,67.0,8581000.0
20151015,68.4000015258789,68.5999984741211,67.0999984741211,67.5,10317000.0
20151016,67.80000305175781,68.80000305175781,67.30000305175781,68.30000305175781,6866000.0
20151019,68.80000305175781,70.69999694824219,68.5999984741211,69.69999694824219,9649000.0
20151020,70.0,70.69999694824219,68.80000305175781,69.5,5073000.0
20151021,70.0,70.30000305175781,67.5999984741211,67.5999984741211,6855000.0
20151022,67.80000305175781,68.5999984741211,67.80000305175781,68.0,4289000.0
20151023,69.30000305175781,69.69999694824219,68.0,68.0999984741211,5667000.0
20151026,69.5999984741211,72.4000015258789,69.19999694824219,71.69999694824219,12444000.0
20151027,72.0999984741211,73.0,70.5,72.80000305175781,9246000.0
20151028,65.5999984741211,69.19999694824219,65.5999984741211,66.9000015258789,18921000.0
20151029,67.30000305175781,69.19999694824219,67.19999694824219,68.0,9002000.0
20151030,68.0,68.80000305175781,67.0999984741211,68.0999984741211,4782000.0
20151102,68.0999984741211,69.9000015258789,68.0,68.80000305175781,4766000.0
20151103,69.9000015258789,71.4000015258789,69.19999694824219,70.5999984741211,7707000.0
20151104,71.80000305175781,72.80000305175781,71.0999984741211,72.0999984741211,10127000.0
20151105,73.5,75.0,71.80000305175781,74.19999694824219,9004000.0
20151106,75.5999984741211,80.30000305175781,75.0,76.30000305175781,26140000.0
20151109,76.30000305175781,76.30000305175781,72.19999694824219,72.30000305175781,11152000.0
20151110,72.0999984741211,75.5,71.9000015258789,73.0,7454000.0
20151111,73.4000015258789,74.5999984741211,72.5,72.69999694824219,5702000.0
20151112,73.5,73.5999984741211,68.19999694824219,70.5,9471000.0
20151113,69.5999984741211,72.9000015258789,69.5999984741211,70.19999694824219,6578000.0
20151116,68.5,71.0,68.5,69.5,5566000.0
20151117,70.9000015258789,72.0,70.4000015258789,71.5999984741211,5173000.0
20151118,72.0999984741211,72.4000015258789,71.0,72.0,3627000.0
20151119,72.19999694824219,72.9000015258789,71.0999984741211,71.5,6226000.0
20151120,71.5,72.0999984741211,70.80000305175781,71.0999984741211,2307000.0
20151123,71.4000015258789,72.5,70.30000305175781,72.5,5116000.0
20151124,73.5,75.19999694824219,70.69999694824219,70.69999694824219,11063000.0
20151125,70.5999984741211,71.30000305175781,68.5999984741211,68.9000015258789,5777000.0
20151126,69.5,70.4000015258789,69.5,69.5999984741211,3814000.0
20151127,70.5,70.5999984741211,69.0,69.0,2902000.0
20151130,67.80000305175781,68.30000305175781,67.19999694824219,67.4000015258789,6150000.0
20151201,68.0999984741211,71.30000305175781,68.0,70.80000305175781,5908000.0
20151202,71.0,72.5,70.80000305175781,71.30000305175781,3542000.0
20151203,71.5,76.0,71.5,74.5,13237000.0
20151204,74.5,76.9000015258789,73.5,76.9000015258789,13388000.0
20151207,78.0,78.5999984741211,75.5,75.5999984741211,11982000.0
20151208,76.69999694824219,77.69999694824219,75.5999984741211,76.4000015258789,12867000.0
20151209,78.4000015258789,79.4000015258789,76.5999984741211,76.5999984741211,15224000.0
20151210,75.9000015258789,76.4000015258789,74.0,76.19999694824219,8180000.0
20151211,76.80000305175781,77.0,73.5,73.80000305175781,5430000.0
20151214,72.9000015258789,75.30000305175781,72.5,74.69999694824219,4023000.0
20151215,75.80000305175781,77.5,75.19999694824219,76.0,6941000.0
20151216,77.80000305175781,77.80000305175781,76.5999984741211,76.80000305175781,6587000.0
20151217,77.80000305175781,81.0,77.0,80.30000305175781,14753000.0
20151218,81.5,82.9000015258789,80.0999984741211,82.30000305175781,12090000.0
20151221,81.5,83.0999984741211,80.0,81.4000015258789,7255000.0
20151222,82.19999694824219,83.30000305175781,81.5999984741211,82.0,6947000.0
20151223,83.19999694824219,83.19999694824219,80.0999984741211,80.0999984741211,4904000.0
20151224,81.0,81.5,79.4000015258789,79.5999984741211,3657000.0
20151225,80.30000305175781,81.0,79.5999984741211,81.0,2569000.0
20151228,81.5,81.5,79.5999984741211,79.69999694824219,2614000.0
20151229,79.69999694824219,80.5,79.5,80.0,1986000.0
20151230,80.69999694824219,80.69999694824219,79.0,79.30000305175781,1984000.0
20151231,79.0,79.0999984741211,78.5,78.69999694824219,1992000.0
20160104,79.4000015258789,80.0,76.5999984741211,76.5999984741211,5116000.0
20160105,76.19999694824219,78.80000305175781,75.5999984741211,78.0,7664000.0
20160106,79.0,79.0,74.19999694824219,74.19999694824219,7794000.0
20160107,74.19999694824219,75.30000305175781,74.0,74.0,6380000.0
20160108,74.5,77.69999694824219,74.4000015258789,77.5999984741211,5739000.0
20160111,76.0999984741211,76.4000015258789,74.5,75.0,4756000.0
20160112,75.19999694824219,76.80000305175781,73.9000015258789,73.9000015258789,3302000.0
20160113,75.0,76.19999694824219,74.69999694824219,74.9000015258789,3325000.0
20160114,73.5,73.80000305175781,71.30000305175781,71.30000305175781,5313000.0
20160115,72.9000015258789,74.0,72.30000305175781,73.0,5449000.0
20160118,71.69999694824219,74.0,71.5,74.0,3775000.0
20160119,73.5,75.19999694824219,72.30000305175781,75.0999984741211,2912000.0
20160120,74.69999694824219,75.30000305175781,72.9000015258789,72.9000015258789,3533000.0
20160121,73.19999694824219,74.30000305175781,71.80000305175781,72.0,2522000.0
20160122,73.19999694824219,73.80000305175781,72.19999694824219,73.80000305175781,1949000.0
20160125,74.5,77.0,74.19999694824219,76.5999984741211,3112000.0
20160126,75.9000015258789,77.19999694824219,75.30000305175781,76.0,2652000.0
20160127,76.9000015258789,77.5,76.5,76.80000305175781,3476000.0
20160128,77.30000305175781,82.5,77.0999984741211,82.5,11131000.0
20160129,82.5,83.5,80.80000305175781,82.0999984741211,7057000.0
20160201,82.9000015258789,86.30000305175781,82.4000015258789,85.80000305175781,8586000.0
20160202,86.30000305175781,87.5999984741211,85.4000015258789,87.0999984741211,7194000.0
20160203,86.5,87.0,83.69999694824219,84.19999694824219,5684000.0
20160215,84.80000305175781,85.9000015258789,83.5,85.9000015258789,4970000.0
20160216,86.4000015258789,87.5,85.4000015258789,87.5,3198000.0
20160217,87.5,88.30000305175781,83.5999984741211,83.5999984741211,6341000.0
20160218,84.5999984741211,87.0,84.4000015258789,87.0,6109000.0
20160219,84.80000305175781,85.4000015258789,83.0,83.0,7863000.0
20160222,83.19999694824219,84.30000305175781,82.4000015258789,83.4000015258789,3466000.0
20160223,84.19999694824219,84.19999694824219,82.0,82.0999984741211,3437000.0
20160224,82.80000305175781,82.80000305175781,80.9000015258789,82.0999984741211,3503000.0
20160225,82.0999984741211,82.69999694824219,81.69999694824219,81.9000015258789,2626000.0
20160226,82.5,83.9000015258789,82.0999984741211,83.9000015258789,3659000.0
20160301,84.5999984741211,84.5999984741211,83.30000305175781,83.69999694824219,3103000.0
20160302,84.4000015258789,84.5999984741211,82.80000305175781,83.0,3666000.0
20160303,84.0,85.19999694824219,82.69999694824219,82.80000305175781,4826000.0
20160304,83.30000305175781,83.30000305175781,82.30000305175781,82.80000305175781,2766000.0
20160307,83.0,83.30000305175781,81.69999694824219,81.69999694824219,2155000.0
20160308,81.9000015258789,82.0,80.5999984741211,81.30000305175781,2509000.0
20160309,81.5,81.5,80.19999694824219,81.0,1829000.0
20160310,81.0,81.5999984741211,80.5999984741211,81.0,1473000.0
20160311,81.0,82.30000305175781,81.0,82.0,3508000.0
20160314,82.69999694824219,83.5,82.19999694824219,83.0,3498000.0
20160315,83.0999984741211,83.5,80.19999694824219,80.5999984741211,3050000.0
20160316,81.0,82.80000305175781,79.69999694824219,82.5,3458000.0
20160317,83.0,83.5999984741211,82.30000305175781,83.0,4971000.0
20160318,84.0,85.0999984741211,83.4000015258789,83.69999694824219,8705000.0
20160321,83.5999984741211,85.0,82.9000015258789,84.5999984741211,2554000.0
20160322,84.69999694824219,84.80000305175781,83.0999984741211,84.0,3347000.0
20160323,84.0,84.80000305175781,83.5,84.30000305175781,2353000.0
20160324,84.30000305175781,85.5999984741211,84.0,84.0,3391000.0
20160325,84.69999694824219,84.69999694824219,83.5,83.5999984741211,1066000.0
20160328,83.9000015258789,84.9000015258789,83.9000015258789,84.69999694824219,2277000.0
20160329,85.0999984741211,88.30000305175781,85.0999984741211,87.5999984741211,9763000.0
20160330,88.5999984741211,90.0,87.0999984741211,88.19999694824219,8671000.0
20160331,88.80000305175781,89.4000015258789,87.19999694824219,88.5,3158000.0
20160401,88.19999694824219,88.4000015258789,86.5,87.4000015258789,3114000.0
20160406,86.80000305175781,87.30000305175781,84.5,86.4000015258789,3974000.0
20160407,86.30000305175781,87.19999694824219,85.30000305175781,86.4000015258789,2406000.0
20160408,87.5,89.30000305175781,86.5999984741211,86.80000305175781,4957000.0
20160411,87.5999984741211,88.0,86.19999694824219,86.5999984741211,2267000.0
20160412,86.5999984741211,88.0999984741211,85.69999694824219,85.69999694824219,1805000.0
20160413,86.30000305175781,87.0999984741211,85.30000305175781,86.5,2027000.0
20160414,87.9000015258789,89.0999984741211,87.69999694824219,88.19999694824219,4346000.0
20160415,88.30000305175781,88.80000305175781,87.19999694824219,88.4000015258789,2455000.0
20160418,87.80000305175781,88.0,86.5,86.9000015258789,1699000.0
20160419,87.5,88.5999984741211,87.30000305175781,88.0999984741211,2218000.0
20160420,88.69999694824219,89.5999984741211,86.0,86.0,3081000.0
20160421,86.4000015258789,86.80000305175781,85.0999984741211,85.5999984741211,1433000.0
20160422,85.5999984741211,87.19999694824219,85.19999694824219,85.5,2253000.0
20160425,86.4000015258789,86.9000015258789,85.80000305175781,86.80000305175781,1961000.0
20160426,86.80000305175781,88.0,86.19999694824219,88.0,2251000.0
20160427,86.0999984741211,90.19999694824219,86.0,89.0999984741211,9058000.0
20160428,89.9000015258789,91.0,89.4000015258789,90.0,6312000.0
20160429,90.0,91.5,89.5,90.4000015258789,4582000.0
20160503,91.0,91.5,89.0999984741211,91.30000305175781,3283000.0
20160504,90.5999984741211,92.0,90.0,91.0,3238000.0
20160505,90.80000305175781,91.0,89.19999694824219,89.69999694824219,2957000.0
20160506,89.19999694824219,89.80000305175781,88.5,89.69999694824219,2455000.0
20160509,90.0,90.80000305175781,88.30000305175781,88.5999984741211,1864000.0
20160510,89.0,91.30000305175781,88.80000305175781,91.30000305175781,2633000.0
20160511,92.0,93.4000015258789,91.5,91.69999694824219,3989000.0
20160512,91.69999694824219,92.69999694824219,90.0,90.80000305175781,3329000.0
20160513,91.0,91.5999984741211,89.0,89.5999984741211,3934000.0
20160516,89.5,90.69999694824219,89.0,90.69999694824219,1768000.0
20160517,90.9000015258789,91.5,89.69999694824219,90.4000015258789,1569000.0
20160518,90.0,92.5,90.0,92.5,3550000.0
20160519,92.0999984741211,92.30000305175781,90.5999984741211,90.5999984741211,2208000.0
20160520,91.19999694824219,91.5999984741211,89.80000305175781,90.4000015258789,1712000.0
20160523,90.4000015258789,93.9000015258789,89.9000015258789,93.69999694824219,3596000.0
20160524,92.5,92.5,86.9000015258789,87.4000015258789,12243000.0
20160525,88.30000305175781,88.4000015258789,83.5999984741211,85.5,16232000.0
20160526,85.80000305175781,87.0,85.4000015258789,86.0999984741211,6692000.0
20160527,86.4000015258789,88.0,86.4000015258789,87.19999694824219,5373000.0
20160530,87.0999984741211,88.0,86.69999694824219,88.0,2797000.0
20160531,87.5999984741211,88.4000015258789,87.0,88.4000015258789,4493000.0
20160601,88.30000305175781,89.5,87.30000305175781,87.4000015258789,4551000.0
20160602,87.5999984741211,88.5,87.19999694824219,87.5,3438000.0
20160603,88.0,88.19999694824219,87.19999694824219,88.19999694824219,2191000.0
20160606,88.19999694824219,88.69999694824219,87.30000305175781,88.30000305175781,1991000.0
20160607,88.9000015258789,90.5,88.5,90.0,4196000.0
20160608,90.19999694824219,91.5999984741211,90.0,90.80000305175781,3415000.0
20160613,91.9000015258789,95.0,91.69999694824219,95.0,10783000.0
20160614,94.5,94.5,93.0999984741211,93.5,3531000.0
20160615,94.19999694824219,94.5,93.0999984741211,93.5999984741211,1892000.0
20160616,93.80000305175781,95.0,93.80000305175781,94.5,3338000.0
20160617,95.0,95.0,93.69999694824219,94.80000305175781,2591000.0
20160620,95.0,95.0,94.0,94.9000015258789,1475000.0
20160621,94.9000015258789,97.69999694824219,94.9000015258789,97.5999984741211,4338000.0
20160622,97.0,97.5999984741211,95.80000305175781,96.80000305175781,2103000.0
20160623,97.0999984741211,97.19999694824219,95.5999984741211,96.0,1993000.0
20160624,96.0999984741211,96.80000305175781,92.0999984741211,92.80000305175781,2630000.0
20160627,92.0,94.5,91.9000015258789,93.5999984741211,1683000.0
20160628,96.0,102.0,95.19999694824219,101.0,189000.0
20160629,101.0,101.0,98.80000305175781,99.9000015258789,3558000.0
20160630,100.0,101.0,99.19999694824219,99.9000015258789,2534000.0
20160701,100.0,102.5,99.5,99.69999694824219,2511000.0
20160704,99.19999694824219,100.0,98.69999694824219,99.5,1804000.0
20160705,99.5,100.5,98.69999694824219,98.9000015258789,2292000.0
20160706,97.5,98.0999984741211,96.5,97.9000015258789,2198000.0
20160707,99.5,102.0,98.80000305175781,102.0,4026000.0
20160708,102.0,102.0,102.0,102.0,0.0
20160711,105.0,108.0,103.0,107.0,7796000.0
20160712,107.5,109.0,103.5,104.5,6250000.0
20160713,106.0,108.0,105.0,107.5,3967000.0
20160714,107.0,110.5,107.0,109.5,7477000.0
20160715,109.5,110.0,108.0,108.5,3153000.0
20160718,109.5,110.0,107.5,109.5,2057000.0
20160719,111.5,113.5,109.5,110.5,4309000.0
20160720,108.5,109.5,105.5,106.5,2825000.0
20160721,108.0,110.0,107.5,108.5,2547000.0
20160722,108.5,108.5,106.5,108.0,1246000.0
20160725,109.0,109.5,106.0,106.5,1599000.0
20160726,106.5,109.0,106.0,108.0,4234000.0
20160727,113.0,118.5,112.5,117.0,14661000.0
20160728,116.0,117.5,114.0,117.0,6865000.0
20160729,118.0,118.5,114.0,115.5,5967000.0
20160801,116.5,118.0,114.5,118.0,3440000.0
20160802,118.0,118.0,115.5,117.0,3583000.0
20160803,115.5,119.0,115.5,118.5,3597000.0
20160804,119.0,125.0,118.5,124.0,7206000.0
20160805,124.0,124.5,122.0,123.0,2920000.0
20160808,124.5,129.0,124.0,128.5,4935000.0
20160809,127.0,127.5,125.0,125.5,3468000.0
20160810,124.0,126.0,123.0,124.5,2888000.0
20160811,124.5,126.5,122.0,123.5,2759000.0
20160812,123.5,125.5,122.5,122.5,1925000.0
20160815,124.0,128.0,123.5,127.0,2052000.0
20160816,128.0,128.0,124.5,126.0,1930000.0
20160817,126.0,127.5,124.5,127.5,1794000.0
20160818,127.5,129.5,127.0,128.5,2201000.0
20160819,129.5,133.0,129.0,130.0,4300000.0
20160822,129.0,129.0,121.5,124.5,4797000.0
20160823,125.5,126.0,123.5,125.0,1675000.0
20160824,124.5,124.5,119.5,121.5,4353000.0
20160825,122.5,127.0,122.0,126.5,3896000.0
20160826,126.0,127.5,125.0,127.0,1994000.0
20160829,127.0,127.5,125.0,127.5,1111000.0
20160830,127.5,129.0,127.0,128.5,1942000.0
20160831,128.0,129.0,126.5,127.0,2825000.0
20160901,124.5,124.5,121.0,122.0,2613000.0
20160902,122.0,123.0,116.5,118.5,2596000.0
20160905,119.5,120.5,117.5,120.0,1549000.0
20160906,122.0,123.0,120.0,121.0,1946000.0
20160907,120.5,121.0,119.0,120.0,1743000.0
20160908,118.5,124.5,118.5,122.0,4489000.0
20160909,120.5,122.5,120.0,122.5,1307000.0
20160912,118.5,120.5,115.5,116.0,3490000.0
20160913,117.0,118.0,115.0,115.5,2780000.0
20160914,115.0,117.0,114.0,114.5,3003000.0
20160919,115.5,120.0,114.5,119.5,3026000.0
20160920,117.5,118.0,114.0,114.5,3819000.0
20160921,113.5,114.5,110.5,112.5,4824000.0
20160922,114.0,114.5,109.5,110.5,4431000.0
20160923,112.0,113.0,108.0,113.0,4891000.0
20160926,112.5,112.5,108.5,109.0,4311000.0
20160927,109.0,109.0,109.0,109.0,0.0
20160928,109.0,109.0,109.0,109.0,0.0
20160929,108.0,108.0,100.5,102.5,13186000.0
20160930,104.0,105.5,103.0,104.0,6111000.0
20161003,104.5,109.0,104.5,108.0,5923000.0
20161004,109.0,112.0,108.5,111.0,6505000.0
20161005,111.0,112.0,109.0,110.0,3313000.0
20161006,111.5,113.0,110.0,111.5,3491000.0
20161007,112.0,112.0,110.0,111.5,2343000.0
20161011,113.0,113.0,109.5,113.0,5769000.0
20161012,112.0,114.0,111.0,113.0,3469000.0
20161013,113.0,113.0,109.0,111.5,4353000.0
20161014,111.5,112.0,109.5,110.0,2089000.0
20161017,110.0,111.0,106.5,110.0,3755000.0
20161018,110.0,110.0,106.5,107.0,3814000.0
20161019,106.5,107.0,103.0,104.0,7777000.0
20161020,104.5,106.5,103.5,105.0,3241000.0
20161021,104.5,105.0,102.0,103.5,5959000.0
20161024,103.5,106.5,102.0,106.0,3350000.0
20161025,106.5,107.5,105.5,106.5,3181000.0
20161026,107.0,108.0,105.5,107.5,2137000.0
20161027,105.5,106.5,104.0,104.0,4004000.0
20161028,104.0,105.0,103.0,104.0,2717000.0
20161031,103.5,108.5,103.0,107.0,4656000.0
20161101,106.5,106.5,104.5,104.5,3962000.0
20161102,105.0,108.0,104.5,105.5,4511000.0
20161103,105.0,105.5,103.0,104.5,3159000.0
20161104,103.5,107.0,102.0,106.0,3518000.0
20161107,106.5,107.5,105.0,105.0,1877000.0
20161108,105.5,107.0,104.5,107.0,1701000.0
20161109,107.5,108.0,101.5,102.0,3235000.0
20161110,105.0,107.0,104.5,105.0,2159000.0
20161111,103.0,104.5,101.0,101.0,3825000.0
20161114,101.5,103.0,98.5,103.0,3636000.0
20161115,100.0,101.5,99.5999984741211,99.9000015258789,3853000.0
20161116,101.0,103.0,100.5,103.0,2974000.0
20161117,103.5,104.0,102.0,103.5,1761000.0
20161118,103.0,105.5,102.5,105.5,2225000.0
20161121,105.0,107.5,104.5,105.0,3157000.0
20161122,105.5,107.5,105.0,107.0,2272000.0
20161123,107.0,108.0,106.0,107.0,2496000.0
20161124,106.5,107.0,105.5,106.5,790000.0
20161125,106.0,106.5,105.0,105.0,522000.0
20161128,105.0,105.5,104.0,104.5,1252000.0
20161129,104.5,104.5,102.0,102.0,2580000.0
20161130,102.0,103.0,99.0,99.0,4558000.0
20161201,99.5999984741211,100.5,99.5999984741211,100.5,2950000.0
20161202,99.69999694824219,101.0,97.5,101.0,3813000.0
20161205,100.0,101.5,98.69999694824219,99.5,2748000.0
20161206,100.0,101.0,99.0999984741211,100.5,2637000.0
20161207,100.5,100.5,98.9000015258789,100.5,3427000.0
20161208,100.5,104.0,100.0,104.0,2708000.0
20161209,104.0,105.5,103.0,105.0,1944000.0
20161212,104.5,105.5,104.0,105.5,1264000.0
20161213,105.0,105.5,104.0,105.0,1412000.0
20161214,105.0,105.0,103.0,103.0,1549000.0
20161215,102.5,104.0,101.5,102.5,1169000.0
20161216,102.5,103.0,101.0,101.0,1344000.0
20161219,101.5,102.5,100.5,100.5,1143000.0
20161220,100.0,101.5,100.0,101.5,1576000.0
20161221,101.5,102.5,100.5,101.0,1149000.0
20161222,101.0,101.5,99.0,99.0,1662000.0
20161223,98.9000015258789,101.0,98.80000305175781,99.19999694824219,1207000.0
20161226,100.0,100.5,99.5999984741211,100.0,361000.0
20161227,100.0,100.0,99.30000305175781,99.80000305175781,352000.0
20161228,100.5,101.5,99.80000305175781,100.5,690000.0
20161229,101.0,101.5,100.5,100.5,735000.0
20161230,101.0,103.0,101.0,102.0,1022000.0
20170103,102.0,102.5,101.5,102.0,291000.0
20170104,102.5,102.5,100.0,100.5,1193000.0
20170105,101.0,102.5,100.0,101.5,2110000.0
20170106,101.5,102.0,100.5,101.0,1151000.0
20170109,101.0,101.5,100.5,101.0,927000.0
20170110,101.0,102.0,100.5,101.5,1152000.0
20170111,101.5,104.0,101.5,103.5,2765000.0
20170112,104.0,105.5,103.5,105.0,2403000.0
20170113,105.0,107.0,104.5,107.0,2203000.0
20170116,107.0,108.0,105.0,107.5,2082000.0
20170117,108.0,109.0,107.5,109.0,2507000.0
20170118,109.0,109.5,107.5,108.0,2437000.0
20170119,108.0,109.5,107.5,108.5,1407000.0
20170120,108.0,110.0,107.0,110.0,2811000.0
20170123,112.5,112.5,108.0,108.5,2188000.0
20170124,108.5,110.0,108.5,109.0,1408000.0
20170202,108.0,108.0,104.5,105.5,3261000.0
20170203,105.5,106.5,105.0,106.5,1639000.0
20170206,106.5,110.0,106.0,109.0,2788000.0
20170207,109.5,110.0,107.5,109.0,2667000.0
20170208,110.0,111.0,108.5,109.0,3002000.0
20170209,113.0,119.5,112.5,119.5,15491000.0
20170210,121.0,122.0,117.0,119.5,8697000.0
20170213,120.0,121.5,119.0,120.5,3492000.0
20170214,122.0,122.0,116.5,116.5,2536000.0
20170215,117.5,118.5,115.0,116.0,2099000.0
20170216,117.0,117.5,114.0,114.0,1778000.0
20170217,114.5,118.5,114.0,118.5,3237000.0
20170220,117.0,117.0,114.0,114.0,1306000.0
20170221,114.5,115.5,113.0,115.0,1268000.0
20170222,115.5,115.5,113.5,113.5,1148000.0
20170223,114.0,115.0,113.0,113.5,1326000.0
20170224,114.5,115.5,113.0,114.5,1747000.0
20170301,112.5,112.5,109.5,110.0,2995000.0
20170302,110.5,111.5,108.0,108.5,2526000.0
20170303,107.5,109.5,107.0,108.5,1781000.0
20170306,110.5,111.5,109.0,109.0,2268000.0
20170307,109.5,111.0,109.5,109.5,1101000.0
20170308,110.0,111.5,109.5,111.0,1192000.0
20170309,111.0,112.0,108.0,108.0,2055000.0
20170310,108.0,110.0,107.0,109.5,794000.0
20170313,108.5,111.0,108.5,109.0,1198000.0
20170314,110.0,112.5,109.5,111.0,1621000.0
20170315,110.5,112.0,110.0,111.0,875000.0
20170316,112.0,112.5,111.0,112.0,1456000.0
20170317,112.5,112.5,110.0,110.5,1216000.0
20170320,110.0,110.5,108.5,109.5,1098000.0
20170321,110.0,110.0,108.5,109.5,1705000.0
20170322,107.5,109.0,107.0,108.5,1914000.0
20170323,109.0,109.5,108.0,109.5,1823000.0
20170324,109.0,110.0,108.5,108.5,1512000.0
20170327,108.5,109.0,107.0,108.0,1637000.0
20170328,109.0,109.5,106.5,108.5,1734000.0
20170329,109.0,110.0,108.0,110.0,1711000.0
20170330,110.5,110.5,107.5,107.5,1762000.0
20170331,108.5,109.0,107.5,108.5,1046000.0
20170405,109.5,113.0,109.0,113.0,3356000.0
20170406,112.5,113.5,112.0,113.5,1795000.0
20170407,114.0,114.0,110.0,111.0,1446000.0
20170410,112.0,112.0,109.0,109.5,1142000.0
20170411,108.0,109.5,107.0,108.5,1470000.0
20170412,108.5,109.0,107.0,107.5,1179000.0
20170413,107.5,108.0,107.0,107.0,774000.0
20170414,106.5,107.0,105.5,105.5,814000.0
20170417,106.0,106.0,101.5,103.0,1813000.0
20170418,104.5,105.0,103.0,104.5,1084000.0
20170419,103.0,104.0,102.0,102.5,1251000.0
20170420,102.0,103.0,100.5,101.5,2055000.0
20170421,102.0,103.5,101.5,103.5,1116000.0
20170424,104.0,104.5,102.0,102.5,812000.0
20170425,103.5,104.5,102.0,104.5,1564000.0
20170426,102.5,102.5,99.5,100.5,4267000.0
20170427,100.0,103.5,100.0,103.5,2810000.0
20170428,102.5,103.0,102.0,102.0,2002000.0
20170502,103.0,104.0,102.5,102.5,1662000.0
20170503,103.0,104.0,102.5,103.5,859000.0
20170504,103.5,103.5,102.5,102.5,1015000.0
20170505,102.5,103.0,101.5,101.5,1292000.0
20170508,102.0,102.5,101.5,102.0,1220000.0
20170509,102.0,102.0,99.80000305175781,100.0,2644000.0
20170510,100.0,102.0,100.0,101.5,1798000.0
20170511,101.0,102.5,101.0,102.0,1460000.0
20170512,101.5,102.5,100.5,101.0,2111000.0
20170515,101.0,103.0,100.5,102.0,1724000.0
20170516,102.0,103.5,102.0,102.0,2009000.0
20170517,102.5,104.0,102.0,103.5,2203000.0
20170518,102.0,103.0,101.5,102.5,2376000.0
20170519,102.5,103.5,102.0,102.0,1693000.0
20170522,102.0,103.5,101.5,103.0,1957000.0
20170523,102.5,103.0,102.0,102.5,3680000.0
20170524,102.5,103.0,101.5,102.0,2518000.0
20170525,102.5,107.0,102.5,105.0,3833000.0
20170526,104.5,105.0,101.5,102.0,3564000.0
20170531,102.0,103.0,100.5,100.5,2863000.0
20170601,101.0,102.0,101.0,102.0,1520000.0
20170602,103.0,104.0,102.0,104.0,2331000.0
20170605,105.0,105.5,104.0,105.5,1641000.0
20170606,106.0,111.0,106.0,110.0,5217000.0
20170607,110.0,111.0,109.0,110.0,2795000.0
20170608,110.0,112.0,109.0,110.0,2173000.0
20170609,110.0,112.0,110.0,110.5,1875000.0
20170612,109.5,111.5,108.0,111.5,1387000.0
20170613,111.5,111.5,109.5,110.0,1747000.0
20170614,110.5,110.5,107.0,108.0,2143000.0
20170615,108.0,109.5,107.5,109.0,1500000.0
20170616,108.5,113.0,108.5,113.0,3374000.0
20170619,112.5,112.5,111.0,111.5,2129000.0
20170620,111.5,112.5,111.0,111.0,1264000.0
20170621,111.5,115.5,111.5,112.5,3788000.0
20170622,112.0,113.0,110.5,111.0,1477000.0
20170623,110.5,112.0,110.0,110.5,1000000.0
20170626,111.0,114.0,110.5,113.5,2322000.0
20170627,114.5,114.5,112.5,113.0,1556000.0
20170628,112.5,113.0,111.0,112.0,1239000.0
20170629,113.5,113.5,111.5,111.5,892000.0
20170630,110.5,111.5,109.5,109.5,972000.0
20170703,110.0,111.0,110.0,110.5,544000.0
20170704,110.0,111.5,109.5,110.5,855000.0
20170705,109.5,111.0,109.5,111.0,963000.0
20170706,112.0,112.5,111.0,111.5,1016000.0
20170707,111.0,112.0,110.5,110.5,723000.0
20170710,110.0,110.5,110.0,110.5,762000.0
20170711,110.5,112.5,110.5,112.5,1658000.0
20170712,112.5,112.5,110.0,110.5,1090000.0
20170713,110.5,112.5,110.5,112.0,837000.0
20170714,112.0,113.5,112.0,113.0,1470000.0
20170717,114.0,115.0,113.5,114.0,1271000.0
20170718,114.5,116.0,114.0,116.0,2388000.0
20170719,116.0,117.0,114.5,115.0,1714000.0
20170720,115.5,116.5,115.0,116.0,1159000.0
20170721,116.0,116.0,114.0,114.5,1213000.0
20170724,114.0,115.5,113.5,114.5,967000.0
20170725,114.5,115.5,114.5,115.0,663000.0
20170726,115.5,116.5,115.0,116.0,714000.0
20170727,116.5,116.5,114.5,115.0,1011000.0
20170728,114.5,115.0,110.5,112.0,2471000.0
20170731,112.5,114.5,111.5,113.0,1693000.0
20170801,113.0,114.0,110.5,111.5,2362000.0
20170802,112.0,114.0,112.0,113.5,1406000.0
20170803,113.0,114.5,112.0,114.0,951000.0
20170804,114.5,115.0,114.0,114.5,858000.0
20170807,115.0,115.5,114.0,114.5,988000.0
20170808,115.0,116.0,114.5,115.5,1394000.0
20170809,115.0,115.0,111.5,112.0,1879000.0
20170810,112.0,113.0,110.5,111.0,1151000.0
20170811,110.0,112.0,110.0,112.0,653000.0
20170814,111.5,112.0,110.0,110.0,1289000.0
20170815,110.5,112.0,110.5,111.0,588000.0
20170816,110.5,111.5,110.5,111.0,957000.0
20170817,111.0,112.0,110.5,110.5,567000.0
20170818,110.0,111.0,110.0,110.0,1134000.0
20170821,110.0,111.5,110.0,111.0,734148.0
20170822,112.0,112.0,110.5,112.0,480221.0
20170823,112.5,112.5,110.5,111.0,617593.0
20170824,111.5,111.5,109.5,110.5,1636613.0
20170825,110.5,111.0,108.0,109.0,1931948.0
20170828,108.5,111.0,108.5,110.5,1013133.0
20170829,110.5,111.0,110.0,110.0,922999.0
20170830,110.5,111.5,110.0,111.5,1057059.0
20170831,111.5,117.0,111.0,117.0,2792781.0
20170901,117.0,117.5,114.0,115.0,1719433.0
20170904,114.5,115.0,113.0,114.0,1112192.0
20170905,114.5,115.0,114.0,115.0,1172505.0
20170906,115.0,116.5,114.5,115.5,2782225.0
20170907,111.0,112.0,109.5,110.0,2147563.0
20170908,110.5,111.5,109.0,111.5,1514814.0
20170911,110.0,110.5,107.5,107.5,1887693.0
20170912,108.5,108.5,107.0,108.0,927507.0
20170913,108.0,108.5,105.0,107.0,1572367.0
20170914,106.5,107.5,106.0,107.5,928726.0
20170915,107.0,108.0,106.0,107.0,1181322.0
20170918,107.5,110.0,107.0,109.5,1190260.0
20170919,109.5,109.5,107.5,108.0,1299753.0
20170920,108.0,108.0,104.5,105.5,1783759.0
20170921,105.5,107.5,105.0,106.5,1666035.0
20170922,106.5,107.0,105.0,106.5,1367948.0
20170925,106.0,106.0,103.0,104.0,1455604.0
20170926,103.5,104.5,102.0,103.5,1295665.0
20170927,103.5,104.5,103.5,103.5,518945.0
20170928,103.5,105.0,103.0,104.0,903192.0
20170929,105.0,105.5,104.0,104.5,837101.0
20171002,106.5,108.0,105.0,108.0,744229.0
20171003,108.0,110.0,107.0,109.0,2080122.0
20171005,109.5,110.0,108.5,109.5,1283284.0
20171006,109.0,109.5,106.5,109.0,2087704.0
20171011,110.0,110.5,108.5,109.5,1618692.0
20171012,110.5,111.0,109.5,110.5,1508332.0
20171013,110.5,111.5,109.0,111.5,1216486.0
20171016,113.0,113.0,110.0,110.5,866196.0
20171017,110.5,111.0,110.0,110.5,870924.0
20171018,110.5,110.5,109.0,110.0,1133677.0
20171019,110.0,110.0,109.0,110.0,862274.0
20171020,109.5,112.5,109.0,111.5,1882379.0
20171023,112.5,112.5,110.5,111.5,659362.0
20171024,111.5,111.5,109.0,110.0,1125512.0
20171025,109.5,111.5,109.5,110.5,2365165.0
20171026,110.5,110.5,109.0,110.5,934251.0
20171027,111.0,111.0,109.5,110.0,631412.0
20171030,111.0,112.0,110.0,111.0,766273.0
20171031,111.0,114.0,111.0,113.5,2494864.0
20171101,115.5,123.0,115.0,118.0,9259809.0
20171102,118.0,124.5,118.0,120.0,8327817.0
20171103,121.0,122.0,117.5,119.5,2629081.0
20171106,118.5,119.5,116.0,119.5,3126532.0
20171107,119.5,119.5,117.0,118.0,2020539.0
20171108,118.5,118.5,117.0,118.0,861166.0
20171109,118.0,122.0,115.0,116.0,3731388.0
20171110,116.0,117.0,114.5,115.5,2021425.0
20171113,116.5,117.5,115.0,115.5,1161063.0
20171114,116.0,116.5,113.0,114.0,1600934.0
20171115,114.0,115.0,113.0,113.5,1717975.0
20171116,113.5,116.0,113.0,114.5,1625379.0
20171117,116.0,116.0,113.5,114.0,1414130.0
20171120,114.0,114.0,112.5,113.5,874343.0
20171121,114.0,115.5,113.5,115.0,1381848.0
20171122,115.0,117.5,114.5,115.5,2367892.0
20171123,116.5,117.5,114.5,117.0,1767244.0
20171124,117.5,118.0,115.0,115.5,1262359.0
20171127,116.0,116.0,113.0,113.5,1067798.0
20171128,114.0,114.0,112.5,113.5,1113641.0
20171129,114.0,114.5,111.5,112.0,1226267.0
20171130,112.0,113.5,111.5,111.5,2394192.0
20171201,112.0,112.5,105.5,107.0,3562707.0
20171204,107.5,108.5,105.0,108.5,1693927.0
20171205,107.5,108.0,106.0,107.0,1420455.0
20171206,107.0,107.5,103.0,103.0,1966121.0
20171207,103.5,104.0,101.0,101.5,2503208.0
20171208,102.5,105.0,102.0,104.5,2101577.0
20171211,105.0,106.0,104.0,104.0,1258299.0
20171212,104.0,105.5,103.5,104.5,1509981.0
20171213,105.0,106.5,104.5,106.5,1136235.0
20171214,106.5,106.5,105.0,105.0,701058.0
20171215,105.0,105.0,102.5,102.5,2077346.0
20171218,104.0,104.5,102.5,104.5,1034968.0
20171219,105.0,105.5,103.0,103.0,1999511.0
20171220,104.5,105.0,103.0,103.5,1751084.0
20171221,103.0,104.0,103.0,103.0,1007585.0
20171222,103.0,107.0,103.0,105.5,2196391.0
20171225,105.5,109.0,104.5,108.5,1451275.0
20171226,108.5,109.0,106.0,107.0,1333920.0
20171227,107.5,109.0,107.0,108.0,1068670.0
20171228,108.0,109.5,107.0,108.5,1344437.0
20171229,108.5,109.5,108.5,109.0,734863.0
20180102,109.0,109.0,108.0,109.0,255352.0
20180103,109.5,110.5,108.0,109.5,1189451.0
20180104,109.5,110.5,109.0,110.5,664630.0
20180105,110.5,112.5,110.0,112.5,1239283.0
20180108,113.5,113.5,112.0,112.5,852936.0
20180109,112.5,113.5,112.0,112.5,828164.0
20180110,113.5,114.0,112.5,113.0,691050.0
20180111,112.5,114.0,112.5,114.0,793639.0
20180112,114.5,116.0,114.0,115.0,1569937.0
20180115,115.0,115.0,113.5,115.0,711632.0
20180116,118.0,120.0,116.5,118.5,3738786.0
20180117,118.5,119.5,117.5,119.0,1986726.0
20180118,120.0,120.0,118.5,119.5,2100234.0
20180119,120.0,120.5,117.0,118.5,2057564.0
20180122,118.5,123.0,118.0,121.0,2745587.0
20180123,121.5,125.5,120.5,121.0,3739946.0
20180124,122.0,122.5,120.0,122.0,1647039.0
20180125,123.0,125.0,122.0,123.0,2107285.0
20180126,123.0,126.5,122.0,126.0,3063979.0
20180129,127.5,128.0,122.5,124.5,2875806.0
20180130,124.5,124.5,120.5,121.5,1647392.0
20180131,120.0,120.0,114.0,116.5,4575053.0
20180201,116.5,117.0,115.5,116.0,1856842.0
20180202,114.5,116.5,114.0,116.0,1929183.0
20180205,111.0,114.5,109.0,114.0,3047546.0
20180206,110.0,110.5,106.5,108.0,5786601.0
20180207,110.5,113.5,110.5,112.0,3303222.0
20180208,112.0,114.0,111.0,113.0,2476252.0
20180209,108.0,111.0,107.0,109.0,2984071.0
20180212,109.0,112.0,109.0,111.0,1653852.0
20180221,111.0,115.5,111.0,115.0,3046164.0
20180222,113.0,113.5,111.0,112.5,2605053.0
20180223,113.5,114.0,112.0,112.5,1311964.0
20180226,113.5,116.0,113.0,115.5,1217184.0
20180227,117.0,119.0,116.0,116.0,3533036.0
20180301,114.0,116.0,113.5,115.5,1789852.0
20180302,113.5,115.0,113.0,113.5,1762627.0
20180305,114.0,114.5,112.5,112.5,1322381.0
20180306,113.5,114.0,113.0,113.5,1488619.0
20180307,113.0,114.0,112.5,113.0,1063221.0
20180308,113.0,113.5,112.5,113.0,1404774.0
20180309,113.0,115.5,112.5,114.0,2219320.0
20180312,115.0,120.5,114.5,119.5,4304750.0
20180313,119.0,121.0,117.0,119.5,2629679.0
20180314,119.5,121.5,118.5,120.0,1802252.0
20180315,120.0,123.0,119.0,123.0,1423106.0
20180316,122.5,122.5,120.5,122.5,2012157.0
20180319,122.0,123.5,121.5,123.0,1345061.0
20180320,121.5,124.5,120.5,124.5,2102025.0
20180321,125.0,126.0,123.5,125.0,3845319.0
20180322,125.0,125.5,123.5,124.5,1255301.0
20180323,119.5,121.5,119.0,120.5,1758002.0
20180326,119.5,123.5,119.5,123.0,1148694.0
20180327,124.5,125.0,123.0,123.5,999703.0
20180328,123.0,127.0,122.5,126.0,2221686.0
20180329,126.5,127.0,125.0,125.5,1433434.0
20180330,125.5,129.0,124.5,129.0,2706980.0
20180402,130.0,132.0,124.5,125.0,3301107.0
20180403,123.0,130.0,122.5,128.0,3233149.0
20180409,131.5,134.5,129.0,129.0,5191080.0
20180410,129.0,130.5,125.5,129.5,3153168.0
20180411,128.5,130.5,126.5,130.0,2497829.0
20180412,130.0,131.0,128.5,130.5,1232562.0
20180413,131.0,134.0,130.5,131.5,2817543.0
20180416,131.0,133.0,129.5,132.5,1367756.0
20180417,132.5,133.0,127.5,128.5,2693689.0
20180418,127.5,129.5,126.5,128.0,2269920.0
20180419,129.5,133.0,129.5,132.5,2822940.0
20180420,130.5,132.0,128.0,128.0,1326864.0
20180423,127.5,136.5,127.5,133.0,4823017.0
20180424,132.5,133.5,125.0,126.0,2925743.0
20180425,116.0,116.0,113.5,113.5,8064068.0
20180426,113.5,114.5,111.0,113.0,5800525.0
20180427,113.0,113.5,107.5,109.5,6118005.0
20180430,109.0,113.5,107.5,113.0,4279895.0
20180502,111.5,114.0,111.0,113.0,2341807.0
20180503,112.0,113.0,110.5,112.0,1346498.0
20180504,111.0,111.5,109.5,110.0,2014126.0
20180507,111.0,112.5,110.0,110.0,1087682.0
20180508,110.0,111.0,109.5,110.5,1777350.0
20180509,110.5,112.5,110.5,111.5,1711993.0
20180510,111.5,113.5,111.0,112.0,1878465.0
20180511,112.5,114.5,112.5,113.5,1174627.0
20180514,114.0,116.5,113.5,115.5,1209363.0
20180515,116.0,118.0,115.5,117.0,1857773.0
20180516,116.5,117.0,115.0,115.5,1106621.0
20180517,116.5,116.5,114.5,114.5,598408.0
20180518,115.5,115.5,114.0,114.0,375791.0
20180521,115.0,116.5,114.5,116.0,377649.0
20180522,116.5,118.5,116.5,117.0,782371.0
20180523,117.5,118.0,115.5,115.5,752862.0
20180524,116.5,117.0,115.0,115.0,486920.0
20180525,115.5,116.5,115.0,115.5,460526.0
20180528,116.5,119.0,115.5,117.5,1008165.0
20180529,117.5,118.0,114.0,114.0,951158.0
20180530,113.5,115.0,112.5,112.5,1232503.0
20180531,113.5,115.5,113.5,114.5,1880416.0
20180601,114.0,118.0,114.0,116.5,1458870.0
20180604,117.0,119.0,116.0,118.0,1511047.0
20180605,118.0,119.0,114.5,115.5,1833941.0
20180606,116.0,116.5,115.0,115.0,1166946.0
20180607,116.0,116.0,113.5,115.0,1554160.0
20180608,114.5,115.0,113.0,114.0,1446956.0
20180611,114.0,114.5,112.5,112.5,1016364.0
20180612,112.5,112.5,111.0,111.0,1904870.0
20180613,112.0,112.5,111.0,112.0,1707969.0
20180614,111.5,112.0,111.0,111.0,2123488.0
20180615,111.5,114.0,110.5,113.0,7471853.0
20180619,112.0,115.0,111.0,114.0,2115642.0
20180620,114.0,115.0,112.5,114.0,1544801.0
20180621,114.0,115.0,113.0,114.0,1040918.0
20180622,113.5,114.5,112.0,114.5,982837.0
20180625,113.5,114.0,111.5,113.0,1269707.0
20180626,111.5,113.5,110.0,112.0,1525383.0
20180627,112.0,113.5,112.0,112.0,1071943.0
20180628,112.0,112.0,109.0,109.5,1529735.0
20180629,110.0,111.0,109.5,111.0,1486742.0
20180702,111.5,114.5,111.5,113.0,1677726.0
20180703,112.5,114.5,111.5,111.5,950075.0
20180704,111.5,113.5,111.5,112.0,827781.0
20180705,112.0,114.5,112.0,112.0,958115.0
20180706,113.0,115.5,113.0,113.5,1500993.0
20180709,114.5,116.0,114.5,115.5,1014063.0
20180710,116.0,117.0,115.5,116.5,1066434.0
20180711,116.0,118.0,116.0,116.5,1292676.0
20180712,116.0,119.5,115.5,119.0,1772481.0
20180713,120.0,121.5,118.5,118.5,1516506.0
20180716,119.0,119.5,117.5,118.0,775868.0
20180717,119.0,121.5,118.0,120.0,1659227.0
20180718,121.0,122.5,121.0,121.0,1640283.0
20180719,120.5,123.5,120.5,122.0,1518969.0
20180720,123.0,124.5,121.0,123.5,1865438.0
20180723,123.0,123.5,120.0,120.0,1670470.0
20180724,120.5,122.5,119.5,120.5,1068247.0
20180725,120.5,121.5,120.5,121.0,568669.0
20180726,121.0,122.0,120.5,121.5,1180956.0
20180727,121.5,124.5,121.5,124.5,2162722.0
20180730,125.0,125.5,123.0,123.0,1598764.0
20180731,122.5,123.0,121.0,123.0,1484632.0
20180801,124.0,124.5,122.0,122.5,1004065.0
20180802,121.5,123.0,121.0,123.0,1528815.0
20180803,129.0,135.0,128.5,135.0,8746537.0
20180806,138.5,141.0,133.5,138.0,15396477.0
20180807,141.0,142.5,134.0,136.0,9106452.0
20180808,138.0,143.0,138.0,143.0,13117247.0
20180809,141.0,145.5,139.0,143.5,4396370.0
20180810,142.0,142.5,138.5,140.0,3668196.0
20180813,139.0,139.5,133.0,135.5,3620536.0
20180814,137.5,146.0,135.5,146.0,4736474.0
20180815,143.5,143.5,132.0,134.5,6356215.0
20180816,133.0,138.5,130.5,137.5,3638966.0
20180817,137.0,138.5,135.5,136.5,1746025.0
20180820,137.0,138.5,134.5,138.0,1626710.0
20180821,138.0,140.5,137.0,140.0,1549089.0
20180822,138.0,138.0,135.0,137.0,1589462.0
20180823,136.0,140.5,136.0,139.5,2176806.0
20180824,139.0,141.5,138.0,138.5,2197420.0
20180827,139.5,143.5,137.5,142.0,2722639.0
20180828,142.0,145.0,142.0,143.5,2288415.0
20180829,143.5,147.0,143.0,146.0,3041928.0
20180830,147.0,148.5,144.5,146.0,3289456.0
20180831,147.5,150.5,146.0,149.0,4332673.0
20180903,151.0,151.0,142.5,143.5,3265318.0
20180904,145.0,146.5,144.0,146.0,1762716.0
20180905,147.0,150.0,146.5,149.5,3812107.0
20180906,144.0,146.0,142.0,142.5,2801299.0
20180907,142.0,144.5,136.5,138.0,2706584.0
20180910,139.0,140.0,134.0,138.5,2983213.0
20180911,140.0,145.0,139.5,142.5,3106021.0
20180912,142.5,143.5,133.5,135.5,3919886.0
20180913,136.0,139.0,132.0,133.0,3951127.0
20180914,134.5,136.5,132.5,136.0,3377262.0
20180917,135.0,137.0,133.5,136.0,1977575.0
20180918,134.5,144.0,134.0,140.5,4551404.0
20180919,142.0,142.5,138.0,138.0,2836405.0
20180920,139.0,142.0,137.5,140.0,2487245.0
20180921,140.0,141.0,135.0,137.5,5479663.0
20180925,136.5,138.0,134.0,135.5,2391802.0
20180926,135.5,135.5,133.5,134.0,1147890.0
20180927,134.0,135.0,132.0,134.0,2794181.0
20180928,134.5,138.0,134.5,136.0,3298867.0
20181001,136.0,137.5,134.5,136.0,2144604.0
20181002,135.5,136.0,127.5,128.5,5308336.0
20181003,128.5,131.0,126.0,129.0,3313378.0
20181004,128.0,129.0,126.0,126.5,2828779.0
20181005,121.5,121.5,114.0,116.0,7591129.0
20181008,114.0,115.0,109.0,111.0,6505878.0
20181009,110.0,112.0,108.0,109.5,3582338.0
20181011,103.0,106.5,101.0,105.0,5193985.0
20181012,103.5,108.0,102.5,107.5,3227409.0
20181015,104.5,109.5,103.5,107.5,3229164.0
20181016,106.5,112.0,106.5,110.0,3093435.0
20181017,111.5,114.0,111.5,113.5,2361785.0
20181018,112.0,112.5,110.0,111.0,1520915.0
20181019,108.5,112.5,107.5,110.0,2912731.0
20181022,108.0,112.0,108.0,111.0,1352914.0
20181023,109.5,113.5,109.5,111.5,1852882.0
20181024,111.0,113.0,109.0,112.0,1434001.0
20181025,109.0,112.5,108.5,110.5,2061010.0
20181026,111.5,112.0,104.5,109.0,3198086.0
20181029,108.0,110.5,106.5,109.0,1325501.0
20181030,109.0,114.0,107.0,113.0,3177499.0
20181031,121.0,124.0,120.5,124.0,5434811.0
20181101,125.5,130.5,124.0,128.0,7612103.0
20181102,129.5,132.0,127.5,130.0,4115451.0
20181105,128.5,130.5,126.0,127.0,1884567.0
20181106,128.5,128.5,124.5,127.0,1859569.0
20181107,128.5,129.5,125.5,127.5,1883910.0
20181108,129.5,129.5,126.5,127.5,1496792.0
20181109,127.0,129.5,123.5,124.0,2529981.0
20181112,123.5,129.0,122.5,128.0,2470672.0
20181113,124.0,127.5,123.0,124.0,2442018.0
20181114,125.5,131.5,125.0,129.5,4314421.0
20181115,129.5,130.5,126.5,129.5,2502439.0
20181116,130.0,130.0,125.5,126.5,2357942.0
20181119,127.5,127.5,125.0,126.5,1227700.0
20181120,126.0,126.5,124.0,126.0,1612758.0
20181121,125.5,127.0,121.0,125.0,3539086.0
20181122,127.0,127.5,124.0,125.0,1841616.0
20181123,124.0,126.5,122.5,125.5,2515317.0
20181126,125.5,128.5,123.0,125.5,2510908.0
20181127,125.0,126.0,124.0,126.0,2721338.0
20181128,127.0,135.0,127.0,134.0,7641160.0
20181129,137.0,142.5,137.0,141.0,10645605.0
20181130,141.0,142.5,138.0,141.5,3880304.0
20181203,145.0,151.0,145.0,148.0,6040220.0
20181204,147.5,148.0,141.0,141.0,4384302.0
20181205,137.5,142.0,135.5,140.0,2990752.0
20181206,139.0,140.0,135.5,138.0,3807320.0
20181207,139.5,141.0,137.5,138.5,2244298.0
20181210,135.0,139.5,135.0,139.0,1148803.0
20181211,141.0,142.5,136.0,136.5,2253486.0
20181212,139.0,140.0,137.0,140.0,1592184.0
20181213,140.5,147.0,140.5,146.0,5238280.0
20181214,145.5,147.0,140.5,145.0,3536617.0
20181217,145.5,149.5,143.5,144.0,2083751.0
20181218,143.5,148.0,143.0,147.5,2712345.0
20181219,149.0,149.5,144.5,145.0,2026154.0
20181220,145.0,147.5,143.5,146.0,2578752.0
20181221,145.0,145.5,139.5,141.0,3149492.0
20181224,140.5,140.5,138.0,139.5,2152328.0
20181225,136.0,140.5,135.0,140.5,1008838.0
20181226,141.5,142.0,138.0,138.0,1137393.0
20181227,141.5,142.0,140.0,142.0,1243757.0
20181228,140.5,144.0,140.5,143.0,2058437.0
20190102,143.5,144.0,136.0,137.5,2592870.0
20190103,137.5,140.0,136.0,139.5,1666632.0
20190104,137.5,141.0,136.0,139.5,1893708.0
20190107,142.5,142.5,138.5,139.5,2075848.0
20190108,142.5,146.5,139.5,139.5,4641424.0
20190109,141.5,144.5,141.0,144.5,4230703.0
20190110,144.5,145.0,141.0,145.0,2409250.0
20190111,146.0,148.0,143.0,146.5,3869166.0
20190114,147.0,149.0,143.5,146.5,2823215.0
20190115,147.0,151.0,146.5,151.0,3750414.0
20190116,151.0,153.5,150.0,153.5,3271137.0
20190117,155.0,159.0,148.0,148.0,6384383.0
20190118,150.5,154.0,147.5,152.5,4533170.0
20190121,153.5,154.0,149.5,150.0,2312541.0
20190122,150.0,151.5,149.0,150.5,1802491.0
20190123,150.0,150.0,147.5,148.0,2270307.0
20190124,148.5,156.0,148.5,156.0,5844035.0
20190125,157.5,158.5,154.5,156.5,5121016.0
20190128,156.5,157.5,153.0,155.0,1453526.0
20190129,155.0,160.5,153.5,160.0,4791500.0
20190130,160.5,163.5,155.5,163.5,7342466.0
20190211,164.5,165.0,160.5,163.5,6923157.0
20190212,164.5,172.0,164.0,172.0,6968170.0
20190213,171.0,175.0,167.0,168.5,5135555.0
20190214,170.0,178.0,170.0,176.5,7597285.0
20190215,176.5,178.5,171.5,176.0,6550028.0
20190218,178.0,178.0,173.0,173.5,3369242.0
20190219,174.0,179.0,169.0,174.0,5324260.0
20190220,173.0,175.5,170.5,173.0,4474282.0
20190221,173.0,177.5,171.0,177.5,3241533.0
20190222,175.5,175.5,172.0,173.0,3082427.0
20190225,173.5,178.0,172.5,177.0,4084035.0
20190226,178.0,183.5,177.5,180.0,5928514.0
20190227,180.0,182.5,177.5,178.0,4125580.0
20190304,177.0,179.0,172.0,174.5,4495105.0
20190305,174.0,174.0,169.5,173.5,5587334.0
20190306,174.5,176.0,170.5,174.5,3863436.0
20190307,173.0,174.0,165.0,166.0,4770935.0
20190308,163.0,168.0,160.5,165.0,7893157.0
20190311,165.0,169.5,163.5,167.0,4666552.0
20190312,170.0,171.5,166.0,167.5,3687417.0
20190313,169.0,170.5,168.0,170.0,2700326.0
20190314,170.0,170.0,168.0,168.0,2005088.0
20190315,168.5,171.5,168.0,168.5,3501859.0
20190318,169.5,173.0,167.5,172.0,3656471.0
20190319,173.5,180.0,172.5,179.0,7262606.0
20190320,178.0,180.5,176.5,177.0,3288097.0
20190321,178.0,181.0,176.5,178.0,2983276.0
20190322,180.0,182.0,178.0,180.0,2298296.0
20190325,175.0,176.5,172.5,175.0,3072677.0
20190326,177.5,180.0,177.0,179.0,2646539.0
20190327,179.5,181.5,178.5,180.5,1613523.0
20190328,179.5,180.0,175.0,176.0,2058832.0
20190329,178.5,182.0,177.0,182.0,2722777.0
20190401,184.0,187.0,181.0,185.0,3029981.0
20190402,186.0,194.0,185.5,192.0,5526611.0
20190403,193.0,193.5,188.5,191.5,2535716.0
20190408,193.0,193.0,188.5,191.5,3419115.0
20190409,192.0,193.5,189.0,192.0,2623282.0
20190410,191.0,193.0,190.0,191.5,2537404.0
20190411,193.0,203.5,192.0,193.0,5480161.0
20190412,194.0,196.5,188.0,191.5,3128303.0
20190415,197.0,197.5,192.0,193.5,1757069.0
20190416,194.0,195.0,189.0,190.5,3164234.0
20190417,192.0,194.0,190.5,192.5,3095486.0
20190418,194.5,197.5,191.5,197.5,4967630.0
20190419,199.0,203.0,195.5,200.5,3267829.0
20190422,203.5,208.0,203.5,207.0,2932350.0
20190423,205.5,205.5,198.5,203.5,3771844.0
20190424,205.0,208.0,204.5,205.5,1890904.0
20190425,205.5,207.0,205.0,207.0,2042194.0
20190426,205.0,206.0,199.5,203.5,2313471.0
20190429,205.0,205.5,198.5,200.5,3486801.0
20190430,202.0,210.0,201.0,209.0,6907744.0
20190502,210.0,214.5,203.5,205.5,6826768.0
20190503,208.5,219.5,207.0,219.0,9551215.0
20190506,211.0,224.0,211.0,220.5,6654125.0
20190507,222.0,232.5,217.5,232.5,7309103.0
20190508,229.5,238.5,227.5,230.0,8860928.0
20190509,228.0,232.5,222.5,225.5,4351701.0
20190510,228.0,233.5,223.0,225.5,4702835.0
20190513,225.0,225.0,214.5,217.5,5003378.0
20190514,213.5,221.5,213.0,219.0,4124237.0
20190515,219.0,226.0,217.0,226.0,3828502.0
20190516,229.0,231.5,215.0,215.0,5801266.0
20190517,217.0,219.5,207.0,210.5,6490912.0
20190520,210.5,211.5,198.5,206.5,5319977.0
20190521,202.0,204.0,197.5,200.5,5581198.0
20190522,205.5,214.0,204.0,211.0,6520440.0
20190523,205.0,207.5,202.0,206.0,3807994.0
20190524,207.5,210.0,201.0,202.0,4199822.0
20190527,205.0,205.0,186.0,189.0,9814194.0
20190528,189.0,194.5,189.0,194.0,6663923.0
20190529,190.0,195.5,188.0,193.5,4034612.0
20190530,195.5,201.0,194.0,195.0,6704144.0
20190531,195.0,203.0,194.0,200.0,7426762.0
20190603,203.5,208.0,200.0,206.0,9298334.0
20190604,204.5,210.0,204.5,205.5,6722477.0
20190605,212.0,213.0,205.5,205.5,6565525.0
20190606,206.0,209.5,201.0,204.0,5937210.0
20190610,212.0,220.0,208.0,218.5,9374895.0
20190611,218.0,219.5,212.5,215.0,6791954.0
20190612,214.5,225.5,214.5,220.0,8444377.0
20190613,220.0,225.0,218.5,221.0,5696416.0
20190614,223.5,227.5,219.5,221.5,6339467.0
20190617,221.0,221.5,217.5,221.0,2956532.0
20190618,221.0,224.5,219.0,221.0,3608373.0
20190619,229.0,229.0,224.0,227.0,4937127.0
20190620,229.0,229.0,226.0,228.5,3327784.0
20190621,230.0,235.5,229.0,229.5,6560802.0
20190624,229.0,229.0,221.0,225.0,3219282.0
20190625,225.0,226.5,219.5,221.0,4536912.0
20190626,219.0,223.5,219.0,223.5,2647892.0
20190627,229.0,239.0,226.5,239.0,9199194.0
20190628,238.0,238.0,228.5,228.5,6281726.0
20190701,234.0,237.0,232.5,233.5,3549811.0
20190702,233.5,245.0,233.5,245.0,6378464.0
20190703,240.0,241.5,233.5,234.5,4560287.0
20190704,236.0,238.5,228.5,231.0,4806938.0
20190705,231.0,233.0,225.0,230.0,5347887.0
20190708,230.5,232.5,225.5,226.0,3035638.0
20190709,227.0,228.0,222.5,227.0,3909763.0
20190710,228.0,229.5,218.5,219.0,8716503.0
20190711,221.5,224.5,216.5,221.0,9527485.0
20190712,222.0,227.0,221.5,225.5,5786600.0
20190715,227.0,227.5,220.5,226.0,3770326.0
20190716,226.0,226.5,222.5,222.5,2608202.0
20190717,223.0,226.0,222.0,223.0,2681945.0
20190718,221.5,222.0,217.5,219.0,3570448.0
20190719,221.0,226.5,221.0,226.5,3136891.0
20190722,227.0,233.0,226.0,232.0,4630446.0
20190723,234.5,236.0,226.0,226.0,5540388.0
20190724,223.5,223.5,217.0,221.0,7019562.0
20190725,222.0,224.0,217.5,219.5,4929223.0
20190726,221.0,222.5,218.5,219.0,3618651.0
20190729,218.5,221.5,217.0,219.5,2828500.0
20190730,218.5,219.5,207.0,209.0,8998063.0
20190731,208.0,213.0,204.0,209.5,7099056.0
20190801,204.5,217.5,204.0,215.0,9749879.0
20190802,205.0,211.5,205.0,207.0,10940986.0
20190805,205.5,209.5,202.5,203.5,5364740.0
20190806,198.0,207.5,196.0,205.0,4964588.0
20190807,208.0,210.0,204.0,204.5,3877483.0
20190808,205.0,209.0,205.0,209.0,2488696.0
20190812,209.0,212.5,207.5,208.5,4071557.0
20190813,207.0,210.5,206.5,208.5,1559276.0
20190814,212.0,213.0,207.0,207.0,3338596.0
20190815,204.0,212.0,202.5,207.5,5022415.0
20190816,210.0,210.0,206.0,206.0,2398343.0
20190819,207.5,213.0,206.5,211.0,3535235.0
20190820,211.5,219.0,211.5,217.0,6003902.0
20190821,218.0,219.5,210.5,211.0,6281210.0
20190822,213.0,216.5,211.5,212.5,3702069.0
20190823,214.5,215.0,212.5,214.5,2307282.0
20190826,209.5,212.0,206.5,206.5,4200095.0
20190827,205.5,208.5,202.0,205.5,7379704.0
20190828,202.0,205.0,200.0,203.0,8003648.0
20190829,203.0,210.0,201.5,208.5,6234352.0
20190830,211.5,215.0,211.0,215.0,5588995.0
20190902,217.5,221.0,215.5,218.0,3760333.0
20190903,221.0,222.5,214.0,214.0,3911384.0
20190904,218.0,221.0,216.5,220.0,5520535.0
20190905,216.0,218.5,213.0,213.5,4203647.0
20190906,216.5,219.0,215.5,216.5,3055396.0
20190910,214.0,216.0,211.5,211.5,2957415.0
20190911,213.5,215.0,212.5,215.0,2293285.0
20190912,217.0,217.0,215.0,215.5,2496449.0
20190916,213.5,213.5,211.0,211.0,3309820.0
20190917,210.5,220.0,210.0,218.0,5153753.0
20190918,221.0,226.5,219.0,222.0,8078144.0
20190919,224.0,228.0,221.0,224.0,7085144.0
20190920,226.5,227.5,223.0,223.0,4084408.0
20190923,221.0,228.0,220.5,228.0,5194822.0
20190924,230.0,230.0,225.5,228.5,5883305.0
20190925,226.5,228.5,222.5,223.5,3585676.0
20190926,227.5,234.5,227.0,233.5,9717879.0
20190927,235.0,236.0,228.5,230.0,4568079.0
20191001,235.0,235.0,225.5,230.0,5828005.0
20191002,231.5,237.5,228.5,236.0,5196784.0
20191003,232.0,238.5,230.5,236.0,5302035.0
20191004,234.0,246.0,234.0,241.0,9540952.0
20191007,246.0,248.5,237.0,237.5,6397476.0
20191008,236.0,238.5,232.0,233.5,4896830.0
20191009,233.0,236.0,229.5,230.5,4355376.0
20191014,234.5,234.5,228.0,228.0,4798494.0
20191015,230.0,234.5,227.5,228.0,4136631.0
20191016,233.0,233.0,228.5,229.0,3270392.0
20191017,230.0,237.0,229.5,236.5,4332153.0
20191018,237.0,237.5,233.0,235.5,4608584.0
20191021,236.0,236.5,231.5,232.0,2948402.0
20191022,232.0,234.0,229.0,230.0,3832219.0
20191023,230.0,235.0,230.0,233.5,3427775.0
20191024,233.5,237.5,231.0,237.5,4393718.0
20191025,237.5,237.5,230.0,230.0,4162897.0
20191028,232.0,233.0,230.0,230.5,2747444.0
20191029,233.0,233.5,226.5,226.5,3598107.0
20191030,228.0,229.5,225.5,226.0,3115933.0
20191031,228.0,230.0,225.0,226.5,3355447.0
20191101,228.0,231.0,226.0,229.0,3671027.0
20191104,229.0,229.5,223.0,224.0,7368921.0
20191105,224.0,228.5,224.0,228.5,5293269.0
20191106,229.0,231.5,225.0,231.0,4742151.0
20191107,232.0,235.0,227.0,228.0,5728492.0
20191108,230.0,231.0,225.0,225.0,2335801.0
20191111,225.5,225.5,222.0,222.0,1905757.0
20191112,223.5,224.5,222.0,223.5,2336207.0
20191113,223.5,227.5,223.0,225.5,1718462.0
20191114,225.0,226.0,219.5,221.5,2836420.0
20191115,223.5,227.0,222.5,226.0,2998879.0
20191118,225.0,228.0,224.0,227.0,1260676.0
20191119,227.0,234.0,226.5,234.0,4866555.0
20191120,235.0,235.5,229.0,230.5,3646278.0
20191121,229.0,230.5,225.0,228.0,2316337.0
20191122,230.5,235.5,228.0,232.5,3345718.0
20191125,235.0,240.0,232.0,233.0,4620600.0
20191126,232.0,236.0,231.0,234.5,4472802.0
20191127,236.0,239.0,234.5,238.5,4219262.0
20191128,240.0,240.0,237.0,239.0,2750733.0
20191129,239.0,239.0,230.0,230.5,2647120.0
20191202,231.5,231.5,223.0,225.5,3614214.0
20191203,225.0,228.5,224.0,227.0,1721785.0
20191204,227.0,227.0,223.5,225.0,1635323.0
20191205,226.0,228.0,222.5,223.5,4298029.0
20191206,225.5,228.0,224.5,226.0,2317829.0
20191209,228.5,232.5,227.5,230.5,2632154.0
20191210,230.5,233.0,229.0,232.0,1677351.0
20191211,232.5,234.0,231.0,233.5,1506164.0
20191212,235.0,235.0,232.5,232.5,2272928.0
20191213,234.5,236.5,232.5,234.0,2467169.0
20191216,236.0,239.0,233.5,239.0,20651.0
20191217,240.0,250.0,240.0,250.0,8929023.0
20191218,251.0,251.5,244.5,248.0,5458938.0
20191219,246.0,246.5,238.5,239.0,4893489.0
20191220,240.5,241.0,234.5,239.5,3019756.0
20191223,239.5,240.5,237.0,238.0,1016688.0
20191224,240.0,240.0,234.5,236.0,1490054.0
20191225,237.5,238.5,233.5,235.5,1996783.0
20191226,236.5,237.0,233.5,235.5,1434738.0
20191227,237.5,240.0,236.0,239.0,1638644.0
20191230,239.5,239.5,234.5,236.0,1746138.0
20191231,235.0,239.0,234.5,235.0,1963105.0
